campaign,role,repository_path,bytes,sha256
current_baseline,curated milestone,BASELINE_1/videos/all_commands.mp4,1605029,ac28668f5d166bb2b4507fe29d8cfb9b83619d41646af71ce7061e321e3ddff3
current_baseline,current baseline,BASELINE_1/videos/backward.mp4,2855053,69ca63571743442e38dbc62855fde930b2b8fe11a1136a76732e336013e7806c
current_baseline,current baseline,BASELINE_1/videos/backward_left.mp4,2572747,ef010d8e6feeaa5ee8ce3aa34f0b7b502af69d1985b33d94d57c14f889577701
current_baseline,current baseline,BASELINE_1/videos/backward_right.mp4,2316329,5b9c6168c518fb467c6ccbdb660694bfde2b82046cb0d3d307bdac5f8b93e404
current_baseline,current baseline,BASELINE_1/videos/forward.mp4,2351570,6e1bb199d6d414336778da7409e3b5fbf72b1a32838279ad430b05d483c99f91
current_baseline,current baseline,BASELINE_1/videos/forward_left.mp4,2318632,81ae5f6d50be4f8b592da610d9460f8962893e1a0711d4de2eaa12c84c5434da
current_baseline,current baseline,BASELINE_1/videos/forward_right.mp4,2336676,b6ea9878aeb65ae2e47fc5eba4fd58cc561bce178f4252c7c5c04f503438edb0
current_baseline,current baseline,BASELINE_1/videos/left.mp4,2168971,9deee2b1cd0028dfe5b2dfabacc503bbc8456bad865c90f7694130b4f1aac7ed
current_baseline,curated milestone,BASELINE_1/videos/locomotion_to_stand.mp4,740641,a8f0c41e606481fa81ed461f201931165c226602935d1d730cb441cb1a127540
current_baseline,current baseline,BASELINE_1/videos/right.mp4,2397098,5a39522276f4d3551699235c81935fa16ac832dec2bc9b5c9759d1ec12270189
current_baseline,current baseline,BASELINE_1/videos/stand.mp4,2114878,b276ea51e323cab2a4643d3a47760428b1bb17ef51b032add47b1727e9f18015
current_baseline,current baseline,BASELINE_1/videos/transitions.mp4,6802243,29695d48afec130f65c95e2ecc1d18e2122986411e036fb11e9d06ae1f35b38c
early_command_curriculum,curated milestone,archive/baseline_1_provenance/archive/walk_ref/command_locomotion/eval_video/closeup_forward_S6.mp4,1154014,a13a7f54be637cda58059366a0094d518dfa016a2e03cb085eda15dbcc7fb046
early_command_curriculum,archived detail; consult report,archive/baseline_1_provenance/archive/walk_ref/command_locomotion/eval_video/rl-video-step-0.mp4,4171506,4d6efa32ffe5a980a96199bd4f1fd9c50fd90d5debb07953c8b59b6eff8f2f51
reference_walk,archived detail; consult report,archive/baseline_1_provenance/archive/walk_ref/early_walk_ref/eval_video/rl-video-step-0.mp4,1479348,2b930616087b9ba6d109342eee9957fbc9ccc409995d990302d7c19e55a0cc98
reference_walk,archived detail; consult report,archive/baseline_1_provenance/archive/walk_ref/early_walk_ref/pdonly/eval_video/rl-video-step-0.mp4,1570979,385f7f56051bd0a11edd84598e135661db95bd55a6dd1ae736419cd8057cd6c7
reference_walk,archived detail; consult report,archive/baseline_1_provenance/archive/walk_ref/early_walk_ref/smooth/eval_video/rl-video-step-0.mp4,1390568,718ee00bca9c52bf562ce182c21ec272e801587c896e4dfd48874bd7fa700c5c
reference_walk,archived detail; consult report,archive/baseline_1_provenance/archive/walk_ref/loop_runs/baseline/eval.mp4,4999565,be6c946e16c63d5f51011615a44e44c922dcd6a3ff9b0cdac9970332bb8c5e0f
reference_walk,archived detail; consult report,archive/baseline_1_provenance/archive/walk_ref/loop_runs/best_render/eval.mp4,5503153,93da152cf1f47be11c5eb1bc4de20cb21b160ca5f0991d04754b13f66d60e32c
reference_walk,archived detail; consult report,archive/baseline_1_provenance/archive/walk_ref/refinement_runs/best_render/eval.mp4,5432456,90eb807b1b0ac6ab13af56c0478f56ad4a3732ab7748c53a38ad8d263887b412
july_amp,curated milestone,archive/baseline_1_provenance/docs/JulyAMPProgress/bingo_amp_FINAL_v9.mp4,1273798,95e1c4c348a34995bfeb81418a992b53065c901d8015456dc4a3a720a96d7197
backward_and_loop_infrastructure,curated milestone,archive/baseline_1_provenance/docs/experiment_loop/backward_start_vs_best.mp4,8540882,a34cacc3474aadd6774409256a6e19e3bd4ee2b5f11fcc96c7d77c3c8a9572d7
unified_command,archived detail; consult report,archive/baseline_1_provenance/docs/experiment_loop/command/camera_check/backward.mp4,2435,fb151c53cc7e1979b869f245ec3a2c48112775b6302487f281bcf110bd81822d
unified_command,archived detail; consult report,archive/baseline_1_provenance/docs/experiment_loop/command/camera_check/backward_left.mp4,2435,fb151c53cc7e1979b869f245ec3a2c48112775b6302487f281bcf110bd81822d
unified_command,archived detail; consult report,archive/baseline_1_provenance/docs/experiment_loop/command/camera_check/backward_right.mp4,2435,fb151c53cc7e1979b869f245ec3a2c48112775b6302487f281bcf110bd81822d
unified_command,archived detail; consult report,archive/baseline_1_provenance/docs/experiment_loop/command/camera_check/forward.mp4,2435,fb151c53cc7e1979b869f245ec3a2c48112775b6302487f281bcf110bd81822d
unified_command,archived detail; consult report,archive/baseline_1_provenance/docs/experiment_loop/command/camera_check/forward_left.mp4,2435,fb151c53cc7e1979b869f245ec3a2c48112775b6302487f281bcf110bd81822d
unified_command,archived detail; consult report,archive/baseline_1_provenance/docs/experiment_loop/command/camera_check/forward_right.mp4,2435,fb151c53cc7e1979b869f245ec3a2c48112775b6302487f281bcf110bd81822d
unified_command,archived detail; consult report,archive/baseline_1_provenance/docs/experiment_loop/command/camera_check/left.mp4,2435,fb151c53cc7e1979b869f245ec3a2c48112775b6302487f281bcf110bd81822d
unified_command,archived detail; consult report,archive/baseline_1_provenance/docs/experiment_loop/command/camera_check/right.mp4,2435,fb151c53cc7e1979b869f245ec3a2c48112775b6302487f281bcf110bd81822d
unified_command,archived detail; consult report,archive/baseline_1_provenance/docs/experiment_loop/command/camera_check/stand.mp4,2435,fb151c53cc7e1979b869f245ec3a2c48112775b6302487f281bcf110bd81822d
unified_command,archived detail; consult report,archive/baseline_1_provenance/docs/experiment_loop/command/camera_check/transitions.mp4,2435,fb151c53cc7e1979b869f245ec3a2c48112775b6302487f281bcf110bd81822d
unified_command,archived detail; consult report,archive/baseline_1_provenance/docs/experiment_loop/command/camera_check2/backward.mp4,2935,3230a5dbdb5afd7bff8a3fa04faa39125343aac470e6055c8f391fbe1e086620
unified_command,archived detail; consult report,archive/baseline_1_provenance/docs/experiment_loop/command/camera_check2/backward_left.mp4,2935,3230a5dbdb5afd7bff8a3fa04faa39125343aac470e6055c8f391fbe1e086620
unified_command,archived detail; consult report,archive/baseline_1_provenance/docs/experiment_loop/command/camera_check2/backward_right.mp4,2935,3230a5dbdb5afd7bff8a3fa04faa39125343aac470e6055c8f391fbe1e086620
unified_command,archived detail; consult report,archive/baseline_1_provenance/docs/experiment_loop/command/camera_check2/forward.mp4,2935,3230a5dbdb5afd7bff8a3fa04faa39125343aac470e6055c8f391fbe1e086620
unified_command,archived detail; consult report,archive/baseline_1_provenance/docs/experiment_loop/command/camera_check2/forward_left.mp4,2935,3230a5dbdb5afd7bff8a3fa04faa39125343aac470e6055c8f391fbe1e086620
unified_command,archived detail; consult report,archive/baseline_1_provenance/docs/experiment_loop/command/camera_check2/forward_right.mp4,2935,3230a5dbdb5afd7bff8a3fa04faa39125343aac470e6055c8f391fbe1e086620
unified_command,archived detail; consult report,archive/baseline_1_provenance/docs/experiment_loop/command/camera_check2/left.mp4,2935,3230a5dbdb5afd7bff8a3fa04faa39125343aac470e6055c8f391fbe1e086620
unified_command,archived detail; consult report,archive/baseline_1_provenance/docs/experiment_loop/command/camera_check2/right.mp4,2935,3230a5dbdb5afd7bff8a3fa04faa39125343aac470e6055c8f391fbe1e086620
unified_command,archived detail; consult report,archive/baseline_1_provenance/docs/experiment_loop/command/camera_check2/stand.mp4,2935,3230a5dbdb5afd7bff8a3fa04faa39125343aac470e6055c8f391fbe1e086620
unified_command,archived detail; consult report,archive/baseline_1_provenance/docs/experiment_loop/command/camera_check2/transitions.mp4,2935,3230a5dbdb5afd7bff8a3fa04faa39125343aac470e6055c8f391fbe1e086620
unified_command,archived detail; consult report,archive/baseline_1_provenance/docs/experiment_loop/command/camera_check4/backward.mp4,428785,02882f24e366d5f7b99fed98ec64a1fa45461a340a594c3ba8cefb897c023f18
unified_command,archived detail; consult report,archive/baseline_1_provenance/docs/experiment_loop/command/camera_check4/backward_left.mp4,410785,24bfc757578562f43bbcef42c565de6f0a6657da4af57e99a9357661d607d0e8
unified_command,archived detail; consult report,archive/baseline_1_provenance/docs/experiment_loop/command/camera_check4/backward_right.mp4,410717,13581c2c42acae6b30ea083c6222870fd0814289697fba2e0f450dad36ace88b
unified_command,archived detail; consult report,archive/baseline_1_provenance/docs/experiment_loop/command/camera_check4/forward.mp4,392593,5858a96c63a2e574fbda974aed52885a001fc0b8f864d53922577be59e99a04c
unified_command,archived detail; consult report,archive/baseline_1_provenance/docs/experiment_loop/command/camera_check4/forward_left.mp4,394428,16fd2dc5f58716ab7ab7f14328f705f3702f57e940fdbdd6cceb3354cec07e9e
unified_command,archived detail; consult report,archive/baseline_1_provenance/docs/experiment_loop/command/camera_check4/forward_right.mp4,395284,04558200a334f8258f3b59fa53654c47c25f1595792ef9474ed8e857366ba954
unified_command,archived detail; consult report,archive/baseline_1_provenance/docs/experiment_loop/command/camera_check4/left.mp4,363161,00c7258394390e9f362907af41e8aa8a0f2abed1fb001c288e40c0987002468a
unified_command,archived detail; consult report,archive/baseline_1_provenance/docs/experiment_loop/command/camera_check4/right.mp4,419606,f1b14e1cd04a44f8325b3db9867c343fd35431d5e1bbe5414b136b762991a675
unified_command,archived detail; consult report,archive/baseline_1_provenance/docs/experiment_loop/command/camera_check4/stand.mp4,362363,2c7a9a16eb9fd861665826b9c071c9ba2201e6a11c85d4eab6e1e987bf807eb8
unified_command,archived detail; consult report,archive/baseline_1_provenance/docs/experiment_loop/command/camera_check4/transitions.mp4,353031,a2a6ea37dd300795de8381ca48d887b83e169e0011d25ef97714b416016b13f3
unified_command,archived detail; consult report,archive/baseline_1_provenance/docs/experiment_loop/command/distillation_evaluation/backward.mp4,6485,3b7d9f08ec147d351f173ceae59cf4d69a6d87d634253a92e4c1f0d996509cf8
unified_command,archived detail; consult report,archive/baseline_1_provenance/docs/experiment_loop/command/distillation_evaluation/backward_left.mp4,6485,3b7d9f08ec147d351f173ceae59cf4d69a6d87d634253a92e4c1f0d996509cf8
unified_command,archived detail; consult report,archive/baseline_1_provenance/docs/experiment_loop/command/distillation_evaluation/backward_right.mp4,6485,3b7d9f08ec147d351f173ceae59cf4d69a6d87d634253a92e4c1f0d996509cf8
unified_command,archived detail; consult report,archive/baseline_1_provenance/docs/experiment_loop/command/distillation_evaluation/forward.mp4,6485,3b7d9f08ec147d351f173ceae59cf4d69a6d87d634253a92e4c1f0d996509cf8
unified_command,archived detail; consult report,archive/baseline_1_provenance/docs/experiment_loop/command/distillation_evaluation/forward_left.mp4,6485,3b7d9f08ec147d351f173ceae59cf4d69a6d87d634253a92e4c1f0d996509cf8
unified_command,archived detail; consult report,archive/baseline_1_provenance/docs/experiment_loop/command/distillation_evaluation/forward_right.mp4,6485,3b7d9f08ec147d351f173ceae59cf4d69a6d87d634253a92e4c1f0d996509cf8
unified_command,archived detail; consult report,archive/baseline_1_provenance/docs/experiment_loop/command/distillation_evaluation/left.mp4,6485,3b7d9f08ec147d351f173ceae59cf4d69a6d87d634253a92e4c1f0d996509cf8
unified_command,archived detail; consult report,archive/baseline_1_provenance/docs/experiment_loop/command/distillation_evaluation/right.mp4,6485,3b7d9f08ec147d351f173ceae59cf4d69a6d87d634253a92e4c1f0d996509cf8
unified_command,archived detail; consult report,archive/baseline_1_provenance/docs/experiment_loop/command/distillation_evaluation/stand.mp4,6485,3b7d9f08ec147d351f173ceae59cf4d69a6d87d634253a92e4c1f0d996509cf8
unified_command,archived detail; consult report,archive/baseline_1_provenance/docs/experiment_loop/command/distillation_evaluation/transitions.mp4,25685,b7cff667f84085a6e0a86fc8936062384c928eb41efb80aace9118e352c32117
unified_command,archived detail; consult report,archive/baseline_1_provenance/docs/experiment_loop/command/loops/loop_0001/commands.mp4,1591706,c63c9ca8a975f3cf36347b227bef667497bd6620e57d3fa6bd81b0891c99afc7
unified_command,archived detail; consult report,archive/baseline_1_provenance/docs/experiment_loop/command/loops/loop_0001/evaluation/backward.mp4,2846630,0b0cf3331daaa018c3d26740044d9db50f740d2b4bde92315491d32f7f8153d4
unified_command,archived detail; consult report,archive/baseline_1_provenance/docs/experiment_loop/command/loops/loop_0001/evaluation/backward_left.mp4,2298945,32e32e4e496ea62233c41c8b009d5744d2588b9be0444ab7239e74b3fe0514b8
unified_command,archived detail; consult report,archive/baseline_1_provenance/docs/experiment_loop/command/loops/loop_0001/evaluation/backward_right.mp4,2337813,5a4eeff4f1f2d033d84a76110b02b9f61882c9777023210b8f7055e45671c767
unified_command,archived detail; consult report,archive/baseline_1_provenance/docs/experiment_loop/command/loops/loop_0001/evaluation/forward.mp4,2369550,769207ed57521ff26330d8647a50623ab5555d920ff5f096cd9ea84799f10bbb
unified_command,archived detail; consult report,archive/baseline_1_provenance/docs/experiment_loop/command/loops/loop_0001/evaluation/forward_left.mp4,2318735,a4707880a9b245e85a78b59d8afc25e7eda5f5897ab1484d9f683d4b1ac5ab92
unified_command,archived detail; consult report,archive/baseline_1_provenance/docs/experiment_loop/command/loops/loop_0001/evaluation/forward_right.mp4,2332006,eb34f60f1efb30d79c2af0923255d229862ed0920ede0539b06cda81f5cca9b0
unified_command,archived detail; consult report,archive/baseline_1_provenance/docs/experiment_loop/command/loops/loop_0001/evaluation/left.mp4,2178599,de6822722d83eb84b49989109fbd40c1268aac592d44af56349dbfc540325e33
unified_command,archived detail; consult report,archive/baseline_1_provenance/docs/experiment_loop/command/loops/loop_0001/evaluation/right.mp4,2574191,ca11478bd5ba84be25c851605dd40a2cdd8feb0b0dfaf10fc36d101a711ccc74
unified_command,archived detail; consult report,archive/baseline_1_provenance/docs/experiment_loop/command/loops/loop_0001/evaluation/stand.mp4,2147057,eb9d21d9d0251b6bd6661129ea8f969608963a0e4c65e2780b623c1a0e40f88d
unified_command,archived detail; consult report,archive/baseline_1_provenance/docs/experiment_loop/command/loops/loop_0001/evaluation/transitions.mp4,6641124,fe6a583c87c2e2ca506426b187098c0804e7288c8f8e8bc34ed14a1ad7384a42
unified_command,archived detail; consult report,archive/baseline_1_provenance/docs/experiment_loop/command/loops/loop_0001/teacher_comparison.mp4,2005663,f41f9aa6a8f4b9ac1f190ad8768468996a08f8557f6c49f55b5c45ce3fdf5dc4
unified_command,archived detail; consult report,archive/baseline_1_provenance/docs/experiment_loop/command/loops/loop_0002/commands.mp4,1586874,d902cc00ba0984fed89e29e787728a4781710685a45246ed80a9b17b5ebf0bf3
unified_command,archived detail; consult report,archive/baseline_1_provenance/docs/experiment_loop/command/loops/loop_0002/comparison.mp4,2824872,242d01315b51fc87f38775ef621141539e990f384494da5c77298f09839e6e97
unified_command,archived detail; consult report,archive/baseline_1_provenance/docs/experiment_loop/command/loops/loop_0002/evaluation/backward.mp4,2843882,7d89ff933299c27f245f2cf3608262cc723eab7b0f3ae47a8db4d8ab1f3b05ef
unified_command,archived detail; consult report,archive/baseline_1_provenance/docs/experiment_loop/command/loops/loop_0002/evaluation/backward_left.mp4,2566247,1ee4118e690b0302fba93d8b2645dc84203920fcf4a71b0f2e9dfdb1cc180969
unified_command,archived detail; consult report,archive/baseline_1_provenance/docs/experiment_loop/command/loops/loop_0002/evaluation/backward_right.mp4,2308089,074e12947c82c3d93792fdb2f61694a2d358b0b8cd50372d6945568cc612c901
unified_command,archived detail; consult report,archive/baseline_1_provenance/docs/experiment_loop/command/loops/loop_0002/evaluation/forward.mp4,2344014,6fb3a6d1fc516791f94fd7527691e188d2b53f69d2ad461890f68f522acdf9a1
unified_command,archived detail; consult report,archive/baseline_1_provenance/docs/experiment_loop/command/loops/loop_0002/evaluation/forward_left.mp4,2321380,dca4d2920ae1ccd849f2fe953af8594a3e71fdcf4f6368fd2e336b3df36d412c
unified_command,archived detail; consult report,archive/baseline_1_provenance/docs/experiment_loop/command/loops/loop_0002/evaluation/forward_right.mp4,2333794,435c4c62a817d31c25e6fbd65607f37adec13d1793e292f2b7627948a66c8ae0
unified_command,archived detail; consult report,archive/baseline_1_provenance/docs/experiment_loop/command/loops/loop_0002/evaluation/left.mp4,2171313,8af5e3c1d406c6974b9c1b960efb0018070bb32b5386059cb023287235d6b029
unified_command,archived detail; consult report,archive/baseline_1_provenance/docs/experiment_loop/command/loops/loop_0002/evaluation/right.mp4,2396821,86920f0c02e67b848d5a9658d817069940245012a199f80bdec2430809c39c90
unified_command,archived detail; consult report,archive/baseline_1_provenance/docs/experiment_loop/command/loops/loop_0002/evaluation/stand.mp4,2148926,42b1f958690c917ca74b4ef262d497255870ee6365e84a61a21321c964513258
unified_command,archived detail; consult report,archive/baseline_1_provenance/docs/experiment_loop/command/loops/loop_0002/evaluation/transitions.mp4,6703591,a3cc64ba3614e09f4fd6457294889e944fe9dfcb78ca4d2efee857fa59e6bad8
unified_command,archived detail; consult report,archive/baseline_1_provenance/docs/experiment_loop/command/loops/loop_0002/teacher_comparison.mp4,2001343,9a9c999413da7f7a96e1b70722c899101334f33ceb3afd4cf86507e1df6039b9
unified_command,archived detail; consult report,archive/baseline_1_provenance/docs/experiment_loop/command/loops/loop_0003/commands.mp4,1592896,d5659c71d3896f4210cf9867e2cf56e8621d339021013563642ac86c8099323b
unified_command,archived detail; consult report,archive/baseline_1_provenance/docs/experiment_loop/command/loops/loop_0003/comparison.mp4,2825032,c4fb3532152c63e11b87295d3e1f923ecdee50ebef06a569c811029d104feb7a
unified_command,archived detail; consult report,archive/baseline_1_provenance/docs/experiment_loop/command/loops/loop_0003/evaluation/backward.mp4,2840295,e12c8eae087b55c340280a3bf488496a142ea642aa7afb698c0023b782981021
unified_command,archived detail; consult report,archive/baseline_1_provenance/docs/experiment_loop/command/loops/loop_0003/evaluation/backward_left.mp4,2608635,6404fbeebc1bcef18ce57ed5b34d49c3fc1844c3c8407716cf891133a212bbc5
unified_command,archived detail; consult report,archive/baseline_1_provenance/docs/experiment_loop/command/loops/loop_0003/evaluation/backward_right.mp4,2310546,81982378a396510bfb8ce80105369a17b934ac91f3de270f6c5c483532899fcb
unified_command,archived detail; consult report,archive/baseline_1_provenance/docs/experiment_loop/command/loops/loop_0003/evaluation/forward.mp4,2361414,927cd2f82aa60001efb759194e8af3dec04ed3360dd5193a2b649cf900af7974
unified_command,archived detail; consult report,archive/baseline_1_provenance/docs/experiment_loop/command/loops/loop_0003/evaluation/forward_left.mp4,2321246,9bd2fab8dac4253dfe546f8cda7792854162fb7cb4ca50486aa629b077f6c221
unified_command,archived detail; consult report,archive/baseline_1_provenance/docs/experiment_loop/command/loops/loop_0003/evaluation/forward_right.mp4,2341048,cf2b1a51dfe0c14b064bf8b3d66a7218a29374fbe994c067c33c1d85647602c5
unified_command,archived detail; consult report,archive/baseline_1_provenance/docs/experiment_loop/command/loops/loop_0003/evaluation/left.mp4,2165682,7ecf4f8aa66ef98f6929b193c377089a463d732f391e4d97889d0f04e7be3f93
unified_command,archived detail; consult report,archive/baseline_1_provenance/docs/experiment_loop/command/loops/loop_0003/evaluation/right.mp4,2398447,75b373667344a820c150f1a55d25257d1a1f8f109feec3ac7983e414897eaa41
unified_command,archived detail; consult report,archive/baseline_1_provenance/docs/experiment_loop/command/loops/loop_0003/evaluation/stand.mp4,2138751,1f3fb8f6f28d11ad17a233ccbcd0b5ca40f245cd97e3188f55ae7f20e4bf53f7
unified_command,archived detail; consult report,archive/baseline_1_provenance/docs/experiment_loop/command/loops/loop_0003/evaluation/transitions.mp4,6755989,8368b2358711716d0477b55d3c4ca3cb69f22aec6cc2e8afd1c53d5d8b590280
unified_command,archived detail; consult report,archive/baseline_1_provenance/docs/experiment_loop/command/loops/loop_0003/teacher_comparison.mp4,2003596,c4af39900bbac5c521ddaef75f1674c41e45b727e5d2ab2e35b1b64cdeb8217c
unified_command,archived detail; consult report,archive/baseline_1_provenance/docs/experiment_loop/command/loops/loop_0004/commands.mp4,1598794,23ce33ee3aada366da9f697de01c227f419fd39c15df487b480e4e5eaaa7fc77
unified_command,archived detail; consult report,archive/baseline_1_provenance/docs/experiment_loop/command/loops/loop_0004/comparison.mp4,2831512,5a35f5d09f1db13cf8f4fd3e4df9f45bffe2494de5954d02d11642d89e977677
unified_command,archived detail; consult report,archive/baseline_1_provenance/docs/experiment_loop/command/loops/loop_0004/evaluation/backward.mp4,2842918,bbf4bf7859b86255f99dd061cbb905c6c22fe800d9f00885e30042e37fb96c35
unified_command,archived detail; consult report,archive/baseline_1_provenance/docs/experiment_loop/command/loops/loop_0004/evaluation/backward_left.mp4,2587785,4300d6e543e0f403b4d57e1dbef4bf19349340a4a73adad2abe7ce8b62a2b320
unified_command,archived detail; consult report,archive/baseline_1_provenance/docs/experiment_loop/command/loops/loop_0004/evaluation/backward_right.mp4,2307798,a785833699d2a2a27b87db4dee30dfd7e7deb25589b80382cb6a89610612a28b
unified_command,archived detail; consult report,archive/baseline_1_provenance/docs/experiment_loop/command/loops/loop_0004/evaluation/forward.mp4,2361572,d87f823d612c9d8fc9285c7ca22bd4b1814507178473f2efb7078d1e793f6b8a
unified_command,archived detail; consult report,archive/baseline_1_provenance/docs/experiment_loop/command/loops/loop_0004/evaluation/forward_left.mp4,2314418,ce0537cd25832d5af7ec68dbd99a4ad1dc4a65ec1beca592639fb619eeb3a4ab
unified_command,archived detail; consult report,archive/baseline_1_provenance/docs/experiment_loop/command/loops/loop_0004/evaluation/forward_right.mp4,2335105,0921a358ec5a04be1586db13a07bb7f7d4c7578a5dc99da8372bb037b951d3e8
unified_command,archived detail; consult report,archive/baseline_1_provenance/docs/experiment_loop/command/loops/loop_0004/evaluation/left.mp4,2171708,9530404cbaa0740c714b8da253d31ed4ac247e16bc5edf12637b8db542149c7e
unified_command,archived detail; consult report,archive/baseline_1_provenance/docs/experiment_loop/command/loops/loop_0004/evaluation/right.mp4,2397859,eae7d853f89e1b7119702117df457bd8e878220dc45caf33748b630c52fadf96
unified_command,archived detail; consult report,archive/baseline_1_provenance/docs/experiment_loop/command/loops/loop_0004/evaluation/stand.mp4,2164454,f04a60447c4d8fd34dbf5543e77981ee00c9e26342442821b9a3f43b7767e20e
unified_command,archived detail; consult report,archive/baseline_1_provenance/docs/experiment_loop/command/loops/loop_0004/evaluation/transitions.mp4,6739045,6bd0abecefe0045d40ab81a7a7ac9ec81f1f617baad807f853cc4234aa6009d5
unified_command,archived detail; consult report,archive/baseline_1_provenance/docs/experiment_loop/command/loops/loop_0004/teacher_comparison.mp4,2002717,8fd1c82334ee86173ab770a8cbb8f5b56725700a144fd399e6697e6cfd110702
unified_command,archived detail; consult report,archive/baseline_1_provenance/docs/experiment_loop/command/loops/loop_0005/commands.mp4,1691425,2759643d59303a748726a760436e8dde73df96a509343e0172e7d98612ca6500
unified_command,archived detail; consult report,archive/baseline_1_provenance/docs/experiment_loop/command/loops/loop_0005/comparison.mp4,2933012,ae94a99f2a5aff786b23ea4613fff28cb42deaf09bde23a605b314b32178d9c2
unified_command,archived detail; consult report,archive/baseline_1_provenance/docs/experiment_loop/command/loops/loop_0005/evaluation/backward.mp4,2835726,5bf541c4a6c7e026b89f4b9b2eed301d668a7db5a3dc06e4366928f2209b3ff2
unified_command,archived detail; consult report,archive/baseline_1_provenance/docs/experiment_loop/command/loops/loop_0005/evaluation/backward_left.mp4,2606995,d98de35c8ee77e5fb981805408cb66c5e338f8677fd5a65e8f3d819ab7cae8a2
unified_command,archived detail; consult report,archive/baseline_1_provenance/docs/experiment_loop/command/loops/loop_0005/evaluation/backward_right.mp4,2301438,14c1d5fa0354d791c0184d49e54646b546b17e0c2b654136e205291f81057b21
unified_command,archived detail; consult report,archive/baseline_1_provenance/docs/experiment_loop/command/loops/loop_0005/evaluation/forward.mp4,2371372,b0aea381b49d62de4c5b153a58f1b66098116da7b1975f2dfe30bfab1e4e7ea0
unified_command,archived detail; consult report,archive/baseline_1_provenance/docs/experiment_loop/command/loops/loop_0005/evaluation/forward_left.mp4,2321471,a1c74e10cf55746c0b2adbea11b8906316a513a207509af6f3abb6a715721347
unified_command,archived detail; consult report,archive/baseline_1_provenance/docs/experiment_loop/command/loops/loop_0005/evaluation/forward_right.mp4,2335480,78acfd933e5ebb15cb59d26f38f17f05982ce96dd608d9878594ccca78633bb4
unified_command,archived detail; consult report,archive/baseline_1_provenance/docs/experiment_loop/command/loops/loop_0005/evaluation/left.mp4,2165959,643f562fe4020372d9d475241a36edb60658dfd328781debc81cefc845ad039b
unified_command,archived detail; consult report,archive/baseline_1_provenance/docs/experiment_loop/command/loops/loop_0005/evaluation/right.mp4,2390791,ed7bdac406cbb24988470933b582ae38e5e7b6aec188b26fe1775c2b4c2c2db0
unified_command,archived detail; consult report,archive/baseline_1_provenance/docs/experiment_loop/command/loops/loop_0005/evaluation/stand.mp4,2433942,5a9b570b0b19a9f7d9d13a1d5a82025c7511777a3783af305d42bd8cfcfbc76e
unified_command,archived detail; consult report,archive/baseline_1_provenance/docs/experiment_loop/command/loops/loop_0005/evaluation/transitions.mp4,6907538,06c659e80b7a008532be8ed0ad4c3b97124ef775759b23921c087f93c4eddb3e
unified_command,archived detail; consult report,archive/baseline_1_provenance/docs/experiment_loop/command/loops/loop_0005/teacher_comparison.mp4,2008735,4899bf982af98a643d910a9fbb63c5d5c46acce3f944426b9c73427b7d64dc03
unified_command,archived detail; consult report,archive/baseline_1_provenance/docs/experiment_loop/command/loops/loop_0006/commands.mp4,1587850,e4fd9dd82a89bd4577301bfa81ca3948fbdaccd4c7aa77442ab35c497e61f660
unified_command,archived detail; consult report,archive/baseline_1_provenance/docs/experiment_loop/command/loops/loop_0006/comparison.mp4,2820757,d88ed83758cfdeecee27d62296dd6ab18e1c7031867b65094bb2e9a2976e9ae4
unified_command,archived detail; consult report,archive/baseline_1_provenance/docs/experiment_loop/command/loops/loop_0006/evaluation/backward.mp4,2854863,ee441158732766536b567fc915002cc8c3dba6f748e53bc39121139e16e7e4be
unified_command,archived detail; consult report,archive/baseline_1_provenance/docs/experiment_loop/command/loops/loop_0006/evaluation/backward_left.mp4,2575523,56284768f04114ccc8b61a44378a4393725aac5bc00f7d5a22917d6a6c39a603
unified_command,archived detail; consult report,archive/baseline_1_provenance/docs/experiment_loop/command/loops/loop_0006/evaluation/backward_right.mp4,2314456,0b15f2e8da787244824ca5672797f969754a243beff9fbfc937af94bb5bb0a44
unified_command,archived detail; consult report,archive/baseline_1_provenance/docs/experiment_loop/command/loops/loop_0006/evaluation/forward.mp4,2351395,72d3cc05d6d36715d21a68a3bbcc1fc099bac72c534e3f7d15ad67d240cb8d2e
unified_command,archived detail; consult report,archive/baseline_1_provenance/docs/experiment_loop/command/loops/loop_0006/evaluation/forward_left.mp4,2319333,d2dfd9922609892927ba50801ad6e2c6b88b128a70743b13893f513379f02060
unified_command,archived detail; consult report,archive/baseline_1_provenance/docs/experiment_loop/command/loops/loop_0006/evaluation/forward_right.mp4,2337522,6a4790ca826c90dd45b6243107bae71570e04edc6e3aa9f6ec2c7372a40f4b6d
unified_command,archived detail; consult report,archive/baseline_1_provenance/docs/experiment_loop/command/loops/loop_0006/evaluation/left.mp4,2169669,74314d39ba5532995b1d5cffc93b7cdb85897c06d3c48d8306479334b6ccc54e
unified_command,archived detail; consult report,archive/baseline_1_provenance/docs/experiment_loop/command/loops/loop_0006/evaluation/right.mp4,2397059,81e46784369e739e4e825a4f09549b290eafb27add11e156072991b5d02aef88
unified_command,archived detail; consult report,archive/baseline_1_provenance/docs/experiment_loop/command/loops/loop_0006/evaluation/stand.mp4,2136771,781aa8b9bb4a6a8325b72500c4bfcc6b135dbd36820ae9fc421c0674764cbd7b
unified_command,archived detail; consult report,archive/baseline_1_provenance/docs/experiment_loop/command/loops/loop_0006/evaluation/transitions.mp4,6775604,41441c2f5c1f3127f4a1f9cf6d9071b8826380f3740e81056b4d5c368ad5c4ef
unified_command,curated milestone,archive/baseline_1_provenance/docs/experiment_loop/command/loops/loop_0006/teacher_comparison.mp4,2003644,fe3ab29c22c133b9b1ad91700eff01af4e917005d656b59f63924f5454796c23
unified_command,archived detail; consult report,archive/baseline_1_provenance/docs/experiment_loop/command/loops/loop_0007/commands.mp4,1600380,e7d4ca1e953b3c06312b258d62c0dbac50dcdae9f04a945a86d6f1129f8af238
unified_command,archived detail; consult report,archive/baseline_1_provenance/docs/experiment_loop/command/loops/loop_0007/comparison.mp4,2827610,be18a9d92b8802f28994928d83a57062e75a6625a89e38db05b67d0a5dca3172
unified_command,archived detail; consult report,archive/baseline_1_provenance/docs/experiment_loop/command/loops/loop_0007/evaluation/backward.mp4,2834888,0a46bca80e918cb305b15752c5c853c7d2a5502993ddd704d2ce1759870997e5
unified_command,archived detail; consult report,archive/baseline_1_provenance/docs/experiment_loop/command/loops/loop_0007/evaluation/backward_left.mp4,2582684,de2806d93d6fcf515753e99b85cae6c7f7a1a31b5ebe112f77670492045a4d76
unified_command,archived detail; consult report,archive/baseline_1_provenance/docs/experiment_loop/command/loops/loop_0007/evaluation/backward_right.mp4,2322182,84b648ad97978c3c8316ba1bdaf1ddee1e4ca8afd94a1c7c33e712b4ff6e9668
unified_command,archived detail; consult report,archive/baseline_1_provenance/docs/experiment_loop/command/loops/loop_0007/evaluation/forward.mp4,2348821,0f3f04728f8d8643e342a246207ae55849a23672ae06766e67a0ba03b70af9a4
unified_command,archived detail; consult report,archive/baseline_1_provenance/docs/experiment_loop/command/loops/loop_0007/evaluation/forward_left.mp4,2319708,0ae1fe53efa293186351700b0bd447933e4f1ab23390a55fbe8a31af9d1d875c
unified_command,archived detail; consult report,archive/baseline_1_provenance/docs/experiment_loop/command/loops/loop_0007/evaluation/forward_right.mp4,2339284,c697ffbc0c44e3ed03a6adae1450172388c8e0e8812568eb87561ef209366f59
unified_command,archived detail; consult report,archive/baseline_1_provenance/docs/experiment_loop/command/loops/loop_0007/evaluation/left.mp4,2159225,8d7ed62bd03f4d311fa19d9eeba9639fe7616fb5ba2e85bbdabf7207b54ba542
unified_command,archived detail; consult report,archive/baseline_1_provenance/docs/experiment_loop/command/loops/loop_0007/evaluation/right.mp4,2411043,18261f8a05be280a487cc1304c1161f27c9b8a4892e529c964dcbce74830e71a
unified_command,archived detail; consult report,archive/baseline_1_provenance/docs/experiment_loop/command/loops/loop_0007/evaluation/stand.mp4,2141924,ccc4072f986d82589f17d20a1763138e5c66b676dfde18690cfd26c1a98b6b37
unified_command,archived detail; consult report,archive/baseline_1_provenance/docs/experiment_loop/command/loops/loop_0007/evaluation/transitions.mp4,6783808,5c46cb90242d27c783fb757ee5237a760a71e1346567f9637bfa8a329ff61cdd
unified_command,archived detail; consult report,archive/baseline_1_provenance/docs/experiment_loop/command/loops/loop_0007/teacher_comparison.mp4,1998599,feda7240602fe95d1e9db1674c319f1337109293a8300fb07fd3075a4bcda410
unified_command,archived detail; consult report,archive/baseline_1_provenance/docs/experiment_loop/command/loops/loop_0008/commands.mp4,1608946,c3876d2c14af562656a15048a5448b850d5470bd356304ae2820dbcb06ca2d28
unified_command,archived detail; consult report,archive/baseline_1_provenance/docs/experiment_loop/command/loops/loop_0008/comparison.mp4,2835447,1943d9a91db7229b0ec03ef3c1405ced3e879f3df5cbfc9b55fb98b33b6fc008
unified_command,archived detail; consult report,archive/baseline_1_provenance/docs/experiment_loop/command/loops/loop_0008/evaluation/backward.mp4,2878515,df2038709e97134f144993763b25b999dc7480defd36e806a80a20ecb75bae13
unified_command,archived detail; consult report,archive/baseline_1_provenance/docs/experiment_loop/command/loops/loop_0008/evaluation/backward_left.mp4,2587358,dbaeab9535b6acbe19124d80f7a124d1af0bbadbffcc9e6bd5f8f46cbe773628
unified_command,archived detail; consult report,archive/baseline_1_provenance/docs/experiment_loop/command/loops/loop_0008/evaluation/backward_right.mp4,2303582,c72e274fa4d764d7ad9b64cbed21031f981e069a0b38b8243c61d86977b12b70
unified_command,archived detail; consult report,archive/baseline_1_provenance/docs/experiment_loop/command/loops/loop_0008/evaluation/forward.mp4,2371486,6b39b3cf2e2fec94627a5ff516d7459dcc43f66c896aae39950016df238c88d2
unified_command,archived detail; consult report,archive/baseline_1_provenance/docs/experiment_loop/command/loops/loop_0008/evaluation/forward_left.mp4,2320843,808b1895c03b9facaaad280999ab995db00826287a6e9a2a2dbc4a04da78dfbf
unified_command,archived detail; consult report,archive/baseline_1_provenance/docs/experiment_loop/command/loops/loop_0008/evaluation/forward_right.mp4,2333820,4a4bfd22c9de4ef1844b4d73eb2f0aa9d2d997b778852aef9990754839c17dbf
unified_command,archived detail; consult report,archive/baseline_1_provenance/docs/experiment_loop/command/loops/loop_0008/evaluation/left.mp4,2164429,bafb3e84feabbabff470c1b4a971511e1fcec6437633d1aa303cddd36d2448bb
unified_command,archived detail; consult report,archive/baseline_1_provenance/docs/experiment_loop/command/loops/loop_0008/evaluation/right.mp4,2418721,af7bce64a11b1dcdddbda8e1056338f89b03d9de5a25e2c1561162242163de1e
unified_command,curated milestone,archive/baseline_1_provenance/docs/experiment_loop/command/loops/loop_0008/evaluation/stand.mp4,2132993,16bab2bfe3f455d7b28571a9870df2f03646cb7a61bd54d101fe53075ce8a96c
unified_command,archived detail; consult report,archive/baseline_1_provenance/docs/experiment_loop/command/loops/loop_0008/evaluation/transitions.mp4,6857929,e85870a766f0671443096a46551ee2f5a670718daed1aa2da41928291b1339a0
unified_command,archived detail; consult report,archive/baseline_1_provenance/docs/experiment_loop/command/loops/loop_0008/teacher_comparison.mp4,2006115,d5eb29d0308a36dbb4352a7cb9c332ec8942dc43f918407c77f9922b6c872ef0
unified_command,archived detail; consult report,archive/baseline_1_provenance/docs/experiment_loop/command/preflight_02/backward.mp4,890763,dc3614562371fd5afdcdd24c3bbde858ac675c1688788aa9a049a404fc2d60d4
unified_command,archived detail; consult report,archive/baseline_1_provenance/docs/experiment_loop/command/preflight_02/backward_left.mp4,811637,4e4afb66ef3d35c25839d422fb273e4857c559588a57999c40ca3e5da8a3b1d3
unified_command,archived detail; consult report,archive/baseline_1_provenance/docs/experiment_loop/command/preflight_02/backward_right.mp4,790282,aa70bbf3815a503d7826ae92917da1da1cc3df8290ec87a7e3d100561a99ee9f
unified_command,archived detail; consult report,archive/baseline_1_provenance/docs/experiment_loop/command/preflight_02/forward.mp4,785557,8e4b89be9c8e65e9d804acb640c73995d3c36078b3aea9f2b5eaa3ae543a73f8
unified_command,archived detail; consult report,archive/baseline_1_provenance/docs/experiment_loop/command/preflight_02/forward_left.mp4,767574,016a5457d85aec61ed2f156a545fc3d29dca53b883434199f7462cae3a164086
unified_command,archived detail; consult report,archive/baseline_1_provenance/docs/experiment_loop/command/preflight_02/forward_right.mp4,786247,5a1103f129cecaf8426e3cdedf145431036cb5360c3e66dd62bf7589f716b90d
unified_command,archived detail; consult report,archive/baseline_1_provenance/docs/experiment_loop/command/preflight_02/left.mp4,726172,0fc5d4c64f3e9aa068361bf124a64ed4789035d07affc35aafb236c7380af1ff
unified_command,archived detail; consult report,archive/baseline_1_provenance/docs/experiment_loop/command/preflight_02/right.mp4,810352,19d228f934b317b0c01ddcd0d81991c4374c8ab04c0428534886978d4794a906
unified_command,archived detail; consult report,archive/baseline_1_provenance/docs/experiment_loop/command/preflight_02/stand.mp4,721529,2894aa55b8b3fc6724d97f0d23c43e6baa3fefb85dcaf3adb646f2d11a7026ea
unified_command,archived detail; consult report,archive/baseline_1_provenance/docs/experiment_loop/command/preflight_02/transitions.mp4,823690,fa5e7dea0ace79cc3aa23c2cb638b552b2cb4c03db68cad769856f3d8f18c0cd
unified_command,archived detail; consult report,archive/baseline_1_provenance/docs/experiment_loop/command/preflight_02c/backward.mp4,890018,fb70ae28c7cc39b4aa51534bfbc84ceb6346bfc3c635f19a710c7c4554072d57
unified_command,archived detail; consult report,archive/baseline_1_provenance/docs/experiment_loop/command/preflight_02c/backward_left.mp4,817234,bd71297c0d547b05b73eacb249194a5d3cd3906cee8d37ac6bfe4ab2df90aeca
unified_command,archived detail; consult report,archive/baseline_1_provenance/docs/experiment_loop/command/preflight_02c/backward_right.mp4,789498,9938660d0336f16ce6d54c7bce382cbe9c9b9a5f52d917b9dc01d038cb8af488
unified_command,archived detail; consult report,archive/baseline_1_provenance/docs/experiment_loop/command/preflight_02c/forward.mp4,783680,b5f125e85519365147cee09e633a2698f298d00a9ac2ec00cd806b41277b3d88
unified_command,archived detail; consult report,archive/baseline_1_provenance/docs/experiment_loop/command/preflight_02c/forward_left.mp4,764364,ed4d114323ea44096d378c182d8f662d8f7d8d7039e8de26d93d65cfef5dd1b6
unified_command,archived detail; consult report,archive/baseline_1_provenance/docs/experiment_loop/command/preflight_02c/forward_right.mp4,785931,1199a9a54ae03be402c59f62e18cedf36b06beaec67d769b89c840dd55ebc221
unified_command,archived detail; consult report,archive/baseline_1_provenance/docs/experiment_loop/command/preflight_02c/left.mp4,726531,09aaf2aadb6d30b553ff98c847bcf390c9b03c695c12a0e921ab6e29fdff3d45
unified_command,archived detail; consult report,archive/baseline_1_provenance/docs/experiment_loop/command/preflight_02c/right.mp4,811198,b060a78f9ca99a619ae582bcd6539494577703106d912adcf452828a7840484e
unified_command,archived detail; consult report,archive/baseline_1_provenance/docs/experiment_loop/command/preflight_02c/stand.mp4,721948,bf81a930b46eba9a8ffc85307c47e3a3e8ffb27f5bb02e27b73bd03eaf34a39c
unified_command,archived detail; consult report,archive/baseline_1_provenance/docs/experiment_loop/command/preflight_02c/transitions.mp4,816403,72a9a5b4a213592bcff49a019d557654fb88ea94d9b4a92ed1ab547db8397482
unified_command,archived detail; consult report,archive/baseline_1_provenance/docs/experiment_loop/command/preflight_04/backward.mp4,889919,5a709320b4ad9d330a9f05a8b205682ad7aab88e9fa25dc64fa00325795cf879
unified_command,archived detail; consult report,archive/baseline_1_provenance/docs/experiment_loop/command/preflight_04/backward_left.mp4,832273,98eb1f85b9b3f2ac0726b7798726a2b227aa0ea002cbbd03114e15334b4dc96c
unified_command,archived detail; consult report,archive/baseline_1_provenance/docs/experiment_loop/command/preflight_04/backward_right.mp4,786204,eecf061d0cb21108c73c88257e818831ca805a4d78030b530c6b1ee958606880
unified_command,archived detail; consult report,archive/baseline_1_provenance/docs/experiment_loop/command/preflight_04/forward.mp4,782935,e7db93f1a1c1c264ddb73def0ee4175913aa78469f4b5a94f4d5374960f28ec9
unified_command,archived detail; consult report,archive/baseline_1_provenance/docs/experiment_loop/command/preflight_04/forward_left.mp4,764326,d6db75363160500aa28fe0c08eeb5eafcc80b201dfd23f4edccfe2affea6a3cb
unified_command,archived detail; consult report,archive/baseline_1_provenance/docs/experiment_loop/command/preflight_04/forward_right.mp4,786319,c683fb3dfa5786ca796050a48e5fc585e627f62a74f43f8f53a2f97d23411589
unified_command,archived detail; consult report,archive/baseline_1_provenance/docs/experiment_loop/command/preflight_04/left.mp4,725116,920a79e45563d98fe6901b138e0732e327cb45a287cf0b0d7eb7247642125500
unified_command,archived detail; consult report,archive/baseline_1_provenance/docs/experiment_loop/command/preflight_04/right.mp4,805028,4a6a2728db9a4644bab0e41304e045d3746fcfe910adf460c763b27678b02feb
unified_command,archived detail; consult report,archive/baseline_1_provenance/docs/experiment_loop/command/preflight_04/stand.mp4,719084,b5c3286d1bda2fc0fb18570969be857ac4c937a669d8b9d59cc7983f91aa1fac
unified_command,archived detail; consult report,archive/baseline_1_provenance/docs/experiment_loop/command/preflight_04/transitions.mp4,822795,4cb493bf45bf803ed4e770c0b55f0d37bdd09766909e217ba794ed28f29f430e
unified_command,archived detail; consult report,archive/baseline_1_provenance/docs/experiment_loop/command/preflight_07/backward.mp4,890256,0282367959d375fe0b8597dc687f44c8403d86c0ef0fa228e8da4192257f4d0b
unified_command,archived detail; consult report,archive/baseline_1_provenance/docs/experiment_loop/command/preflight_07/backward_left.mp4,822466,f63f500c617c5936241285e944661dfa7dc86cb18593cae77617c70828cdf84b
unified_command,archived detail; consult report,archive/baseline_1_provenance/docs/experiment_loop/command/preflight_07/backward_right.mp4,792914,3bce63b56cce71f6fc92701addd3b2888a7fe0d643053726aa6b12fbbb130866
unified_command,archived detail; consult report,archive/baseline_1_provenance/docs/experiment_loop/command/preflight_07/forward.mp4,779210,e4a2cd35599f8db343f1617e52f1e64fe2706a01ab44c295d9eb78c8e33d48b1
unified_command,archived detail; consult report,archive/baseline_1_provenance/docs/experiment_loop/command/preflight_07/forward_left.mp4,764991,8dbff6c6d09c37580acc1cc7e9096967457afa0770c4196c3ba93e284b79fa4e
unified_command,archived detail; consult report,archive/baseline_1_provenance/docs/experiment_loop/command/preflight_07/forward_right.mp4,786659,43413e04e14b6845eedc3f9b85177a301445d854c1410df921c51a867d6d63ce
unified_command,archived detail; consult report,archive/baseline_1_provenance/docs/experiment_loop/command/preflight_07/left.mp4,730372,fa4add8d5b66eafd11e7c90601d6bd288db00dbe3968d3f95ee3d8708cd3a492
unified_command,archived detail; consult report,archive/baseline_1_provenance/docs/experiment_loop/command/preflight_07/right.mp4,818054,57b1c72f10d63495507108e7c4992558bfb5207876ecee99bc8c48ceedc4c11a
unified_command,archived detail; consult report,archive/baseline_1_provenance/docs/experiment_loop/command/preflight_07/stand.mp4,717630,8861066c16347f8da2b0e264336e5ac5f966eba010219fd5316835c2ca2a4067
unified_command,archived detail; consult report,archive/baseline_1_provenance/docs/experiment_loop/command/preflight_07/transitions.mp4,816622,0890db77459ce36503ff38a1f543820d26eeac0b641f34d8350473b7c9922d48
stand_repair,archived detail; consult report,archive/baseline_1_provenance/docs/experiment_loop/command/stand_fix/loops/loop_0001/commands.mp4,1716265,9a9f24aabccc7f8c7fd80ec2e4eda719cc448154039a1aab27f3c3b6b5f58e19
stand_repair,archived detail; consult report,archive/baseline_1_provenance/docs/experiment_loop/command/stand_fix/loops/loop_0001/evaluation/backward.mp4,2854851,2bbc6330f10ab9953b8daf69a03fdbe06198520246115c421ef3447eff1f6bb7
stand_repair,archived detail; consult report,archive/baseline_1_provenance/docs/experiment_loop/command/stand_fix/loops/loop_0001/evaluation/backward_left.mp4,2579085,b4dba238c6bc0111bcbc14ed130050c6cc23ba636658fb3cb6df240fdc37aff2
stand_repair,archived detail; consult report,archive/baseline_1_provenance/docs/experiment_loop/command/stand_fix/loops/loop_0001/evaluation/backward_right.mp4,2315530,fbd78457613b4f724a8a0eb09bc0b102b65b8eee3cf71af6399fbbd510d5edf1
stand_repair,archived detail; consult report,archive/baseline_1_provenance/docs/experiment_loop/command/stand_fix/loops/loop_0001/evaluation/forward.mp4,2369816,d9255b7ac723199c56325d171f8249dbcad0e215ea6ec1f9a1536436cbc8a582
stand_repair,archived detail; consult report,archive/baseline_1_provenance/docs/experiment_loop/command/stand_fix/loops/loop_0001/evaluation/forward_left.mp4,2318568,16ffba7e65d230fbc4187c4ee0b036ab16075ef06909335a3eb592016ff53e7f
stand_repair,archived detail; consult report,archive/baseline_1_provenance/docs/experiment_loop/command/stand_fix/loops/loop_0001/evaluation/forward_right.mp4,2335411,4d21632921f44978985a1d374e58b0503d656107ba967d3732acadf7c9167e61
stand_repair,archived detail; consult report,archive/baseline_1_provenance/docs/experiment_loop/command/stand_fix/loops/loop_0001/evaluation/left.mp4,2168319,3e877c1c5ab703f7762937c9771af1b24ab1cbfab64dd1b5450af888c5e1004e
stand_repair,archived detail; consult report,archive/baseline_1_provenance/docs/experiment_loop/command/stand_fix/loops/loop_0001/evaluation/right.mp4,2397066,0a53f42da453aca7e52450055d254a7b3dd2af6202ea6117bc5e740f061ff36e
stand_repair,archived detail; consult report,archive/baseline_1_provenance/docs/experiment_loop/command/stand_fix/loops/loop_0001/evaluation/stand.mp4,2448094,8900114c8b1b2bfce4a062eabdbdcbe23a36889ee69b6dec28550f04952eb8d2
stand_repair,archived detail; consult report,archive/baseline_1_provenance/docs/experiment_loop/command/stand_fix/loops/loop_0001/evaluation/transitions.mp4,7198262,ae988441522c41b5ac798be10f1e66ae60734d2784fe0f107c45c57ca3b239ab
stand_repair,archived detail; consult report,archive/baseline_1_provenance/docs/experiment_loop/command/stand_fix/loops/loop_0002/commands.mp4,1605029,ac28668f5d166bb2b4507fe29d8cfb9b83619d41646af71ce7061e321e3ddff3
stand_repair,archived detail; consult report,archive/baseline_1_provenance/docs/experiment_loop/command/stand_fix/loops/loop_0002/evaluation/backward.mp4,2855053,69ca63571743442e38dbc62855fde930b2b8fe11a1136a76732e336013e7806c
stand_repair,archived detail; consult report,archive/baseline_1_provenance/docs/experiment_loop/command/stand_fix/loops/loop_0002/evaluation/backward_left.mp4,2572747,ef010d8e6feeaa5ee8ce3aa34f0b7b502af69d1985b33d94d57c14f889577701
stand_repair,archived detail; consult report,archive/baseline_1_provenance/docs/experiment_loop/command/stand_fix/loops/loop_0002/evaluation/backward_right.mp4,2316329,5b9c6168c518fb467c6ccbdb660694bfde2b82046cb0d3d307bdac5f8b93e404
stand_repair,archived detail; consult report,archive/baseline_1_provenance/docs/experiment_loop/command/stand_fix/loops/loop_0002/evaluation/forward.mp4,2351570,6e1bb199d6d414336778da7409e3b5fbf72b1a32838279ad430b05d483c99f91
stand_repair,archived detail; consult report,archive/baseline_1_provenance/docs/experiment_loop/command/stand_fix/loops/loop_0002/evaluation/forward_left.mp4,2318632,81ae5f6d50be4f8b592da610d9460f8962893e1a0711d4de2eaa12c84c5434da
stand_repair,archived detail; consult report,archive/baseline_1_provenance/docs/experiment_loop/command/stand_fix/loops/loop_0002/evaluation/forward_right.mp4,2336676,b6ea9878aeb65ae2e47fc5eba4fd58cc561bce178f4252c7c5c04f503438edb0
stand_repair,archived detail; consult report,archive/baseline_1_provenance/docs/experiment_loop/command/stand_fix/loops/loop_0002/evaluation/left.mp4,2168971,9deee2b1cd0028dfe5b2dfabacc503bbc8456bad865c90f7694130b4f1aac7ed
stand_repair,archived detail; consult report,archive/baseline_1_provenance/docs/experiment_loop/command/stand_fix/loops/loop_0002/evaluation/right.mp4,2397098,5a39522276f4d3551699235c81935fa16ac832dec2bc9b5c9759d1ec12270189
stand_repair,archived detail; consult report,archive/baseline_1_provenance/docs/experiment_loop/command/stand_fix/loops/loop_0002/evaluation/stand.mp4,2114878,b276ea51e323cab2a4643d3a47760428b1bb17ef51b032add47b1727e9f18015
stand_repair,archived detail; consult report,archive/baseline_1_provenance/docs/experiment_loop/command/stand_fix/loops/loop_0002/evaluation/transitions.mp4,6802243,29695d48afec130f65c95e2ecc1d18e2122986411e036fb11e9d06ae1f35b38c
stand_repair,archived detail; consult report,archive/baseline_1_provenance/docs/experiment_loop/command/stand_fix/loops/loop_0002/locomotion_to_stand.mp4,740641,a8f0c41e606481fa81ed461f201931165c226602935d1d730cb441cb1a127540
backward_and_loop_infrastructure,archived detail; consult report,archive/baseline_1_provenance/docs/experiment_loop/loops/loop_0001/A/comparison.mp4,8621017,c759c02fa520e9e7c841ca13b79cbbbda2a3387029d44a502bcc4f957588d623
backward_and_loop_infrastructure,archived detail; consult report,archive/baseline_1_provenance/docs/experiment_loop/loops/loop_0001/A/evaluation/eval.mp4,4857237,e0de05b06736962131fe52cb6e9367ebfdb685f151e29c28114bf1a07537458b
backward_and_loop_infrastructure,archived detail; consult report,archive/baseline_1_provenance/docs/experiment_loop/loops/loop_0001/A/kinematic.mp4,660712,4b819e519b8c2360ee7c6f183a0cd70a6582aae8c6aad2d5ee1e8bb836ac3554
backward_and_loop_infrastructure,archived detail; consult report,archive/baseline_1_provenance/docs/experiment_loop/loops/loop_0001/A/preflight/eval.mp4,1008740,37ef5ba77b2608ec8bf4c2ee964caea70b669a3f034ddef79c9c67657ae3ebe1
backward_and_loop_infrastructure,archived detail; consult report,archive/baseline_1_provenance/docs/experiment_loop/loops/loop_0003/A/comparison.mp4,8454641,086844f21cdc3bb9da61b8d684517987e6528c1b94b850505fe780c38dd60c91
backward_and_loop_infrastructure,archived detail; consult report,archive/baseline_1_provenance/docs/experiment_loop/loops/loop_0003/A/evaluation/eval.mp4,4992199,6fdee2501962d3f3e0eb57baafac6c4bb4c7cdb6bca3ce7ca451f88922f521a5
backward_and_loop_infrastructure,archived detail; consult report,archive/baseline_1_provenance/docs/experiment_loop/loops/loop_0003/A/kinematic.mp4,659791,3d5936574adfe7eb4f54a9c43197a909c06fa1d24c04a79c6ff23b6b75d3c8c2
backward_and_loop_infrastructure,archived detail; consult report,archive/baseline_1_provenance/docs/experiment_loop/loops/loop_0004/A/comparison.mp4,8595724,3be9617d714e2a30171587f82dbcc7a70b52923404ae698c16414d57432ecff8
backward_and_loop_infrastructure,archived detail; consult report,archive/baseline_1_provenance/docs/experiment_loop/loops/loop_0004/A/evaluation/eval.mp4,4994946,208bd51893569410f89d6587195a3568860473e8d4138f5cd58e0c1216bff8e0
backward_and_loop_infrastructure,archived detail; consult report,archive/baseline_1_provenance/docs/experiment_loop/loops/loop_0004/A/kinematic.mp4,659144,be50ff47a995cdbbfa79c1691a6ac0b93e62a04b58050ae77fe55758aa8871ec
backward_and_loop_infrastructure,archived detail; consult report,archive/baseline_1_provenance/docs/experiment_loop/loops/loop_0005/A/comparison.mp4,8608352,c0f04c380b341e09d9df826c8c7961d440a4715b42471f7bd26beef353400f54
backward_and_loop_infrastructure,archived detail; consult report,archive/baseline_1_provenance/docs/experiment_loop/loops/loop_0005/A/evaluation/eval.mp4,5008920,79d437a0d97bc913324c3197596b73275bb027536172d0534530bcfc128203e8
backward_and_loop_infrastructure,archived detail; consult report,archive/baseline_1_provenance/docs/experiment_loop/loops/loop_0005/A/kinematic.mp4,661743,9ae1b619676dda9daf81b01cb5df0373de37113e266fcc93560dcc8e13916469
backward_and_loop_infrastructure,archived detail; consult report,archive/baseline_1_provenance/docs/experiment_loop/loops/loop_0006/A/comparison.mp4,8639217,ab517c3027de4cd40236e3ef3b1dc2590ce04491c1f0873118978970c2a69541
backward_and_loop_infrastructure,archived detail; consult report,archive/baseline_1_provenance/docs/experiment_loop/loops/loop_0006/A/evaluation/eval.mp4,5022922,c6c6ab7ceb4e96333da578bf70339d7b7253327c378bcdb74a0d3d912b3eca59
backward_and_loop_infrastructure,archived detail; consult report,archive/baseline_1_provenance/docs/experiment_loop/loops/loop_0006/A/kinematic.mp4,662204,1665f70e09b8283d472adb6aed41cfc10ff39cb10cbf75d5e8ab306a4ed5a93b
backward_and_loop_infrastructure,archived detail; consult report,archive/baseline_1_provenance/docs/experiment_loop/loops/loop_0007/A/comparison.mp4,8694645,b9b6648aa5b6116c6fe7fd4010f541799a19a65bd91ad6bdcc07e95d50ad35a9
backward_and_loop_infrastructure,archived detail; consult report,archive/baseline_1_provenance/docs/experiment_loop/loops/loop_0007/A/evaluation/eval.mp4,5050741,c2e15d763b3033bc93ad8ab83d2298d081f8199e5cacada343e22f6dbf81ce70
backward_and_loop_infrastructure,archived detail; consult report,archive/baseline_1_provenance/docs/experiment_loop/loops/loop_0007/A/kinematic.mp4,663412,3f2333b56471ba2234173e697ce7ea21faf35f5470a13d115da9b3fa3eca8098
backward_and_loop_infrastructure,archived detail; consult report,archive/baseline_1_provenance/docs/experiment_loop/loops/loop_0008/A/comparison.mp4,8728993,27c79fa62a2f71c11e17c86954f028b8539cf7f9aebb90c1d12676fb2c527f9a
backward_and_loop_infrastructure,archived detail; consult report,archive/baseline_1_provenance/docs/experiment_loop/loops/loop_0008/A/evaluation/eval.mp4,5083458,21056c98743de0ea2610b816663988ae315ed2e70390dc378d4450f0d011f7a9
backward_and_loop_infrastructure,archived detail; consult report,archive/baseline_1_provenance/docs/experiment_loop/loops/loop_0008/A/kinematic.mp4,662688,e55062334db93d23be5cbd1bfa3c4496390bac3a1e528969ab0a6751b2d7034e
backward_and_loop_infrastructure,archived detail; consult report,archive/baseline_1_provenance/docs/experiment_loop/smoke/20260918_021642/loops/loop_0001/A/comparison.mp4,307717,5019e75d4cd8f74a6a7c4bba8810865c6eb92ff6a8896950a9772cc9f79ce3cb
backward_and_loop_infrastructure,archived detail; consult report,archive/baseline_1_provenance/docs/experiment_loop/smoke/20260918_021642/loops/loop_0001/A/evaluation/eval.mp4,5260050,1d5dc093a14aaa2fc05456cd2fe87b53ddd1defdc568a6b6ca2180ca6e6f0910
backward_and_loop_infrastructure,archived detail; consult report,archive/baseline_1_provenance/docs/experiment_loop/smoke/20260918_021955/loops/loop_0001/A/comparison.mp4,307717,5019e75d4cd8f74a6a7c4bba8810865c6eb92ff6a8896950a9772cc9f79ce3cb
backward_and_loop_infrastructure,archived detail; consult report,archive/baseline_1_provenance/docs/experiment_loop/smoke/20260918_021955/loops/loop_0001/A/evaluation/eval.mp4,5260050,1d5dc093a14aaa2fc05456cd2fe87b53ddd1defdc568a6b6ca2180ca6e6f0910
turning,archived detail; consult report,archive/baseline_1_provenance/docs/experiment_loop/turning/final_comparison.mp4,12901929,19d871d0b35886957b2b58352b5327533a62cd66e9b4125abb29d9f7c17cb533
turning,archived detail; consult report,archive/baseline_1_provenance/docs/experiment_loop/turning/loops/loop_0001/A/comparison.mp4,8598726,ed1541c418cffde99aeb73aeee67b31cc3005b7a862a5f01c8cfd0781b7dfbd1
turning,archived detail; consult report,archive/baseline_1_provenance/docs/experiment_loop/turning/loops/loop_0001/A/evaluation/eval.mp4,4819944,8b86da12ef8affb775bb63de22c0e229bd18c899a28771e096e8ff36af771eb0
turning,archived detail; consult report,archive/baseline_1_provenance/docs/experiment_loop/turning/loops/loop_0001/A/left/eval.mp4,4819944,8b86da12ef8affb775bb63de22c0e229bd18c899a28771e096e8ff36af771eb0
turning,archived detail; consult report,archive/baseline_1_provenance/docs/experiment_loop/turning/loops/loop_0001/A/left_right.mp4,7886568,1771db54c1e687f1b44bb5d6a85bf096f4fb471397ff4747b0f3685e7ee1f872
turning,archived detail; consult report,archive/baseline_1_provenance/docs/experiment_loop/turning/loops/loop_0001/A/preflight_left/eval.mp4,563673,cbfc5bf1fc435b6106a8bdd7364c9a0f8c259ca08082e573016221a6e5a29c15
turning,archived detail; consult report,archive/baseline_1_provenance/docs/experiment_loop/turning/loops/loop_0001/A/preflight_right/eval.mp4,546034,1b86fad188daec67cb97d66d02ae162585a7d9b575b05f4163dc7e84db0563ff
turning,archived detail; consult report,archive/baseline_1_provenance/docs/experiment_loop/turning/loops/loop_0001/A/right/eval.mp4,4680946,9e537c64d17d48b614fd79c5a6ff83f5ae7c8472967e955981fd3565fcc59a3c
turning,archived detail; consult report,archive/baseline_1_provenance/docs/experiment_loop/turning/loops/loop_0002/A/comparison.mp4,8333329,a9996cdf496791978b531211dd6403b760cd0d88cc02b03c7faabbed9f7ff727
turning,archived detail; consult report,archive/baseline_1_provenance/docs/experiment_loop/turning/loops/loop_0002/A/evaluation/eval.mp4,4713578,c28204844bd92cdf66c6f8e320f14237be4f49bfb8c5aeee5217d22bc80043a5
turning,archived detail; consult report,archive/baseline_1_provenance/docs/experiment_loop/turning/loops/loop_0002/A/left/eval.mp4,4713578,c28204844bd92cdf66c6f8e320f14237be4f49bfb8c5aeee5217d22bc80043a5
turning,archived detail; consult report,archive/baseline_1_provenance/docs/experiment_loop/turning/loops/loop_0002/A/left_right.mp4,7788297,ad1d592f60cf1ad6aabb768bb419b4a620c446b02bb78b7890c339edb7fb403b
turning,archived detail; consult report,archive/baseline_1_provenance/docs/experiment_loop/turning/loops/loop_0002/A/preflight_left/eval.mp4,554628,5658c70835eb989d275988bd458ce76503c12dd8f36beff63ab5fbfbbc526fd0
turning,archived detail; consult report,archive/baseline_1_provenance/docs/experiment_loop/turning/loops/loop_0002/A/preflight_right/eval.mp4,539418,a96515ba9e1945a1274439e77dc137445d977a4f72743aca1a5e43c5c7b8d77f
turning,archived detail; consult report,archive/baseline_1_provenance/docs/experiment_loop/turning/loops/loop_0002/A/right/eval.mp4,4701056,80f3758623456355af11caea6e50bf382d8bd756ae83b0ee285b8278a1d45660
turning,archived detail; consult report,archive/baseline_1_provenance/docs/experiment_loop/turning/loops/loop_0003/A/comparison.mp4,8146943,6337a9cee752b88c6ce3cad4a33c0c5bc449f184b49b8dd3105356518fc33b74
turning,archived detail; consult report,archive/baseline_1_provenance/docs/experiment_loop/turning/loops/loop_0003/A/evaluation/eval.mp4,5073689,56c9a83e4a8693babd6eef18a46a85b7bdf3a468e0fd2dc7f0a0b8efce6b614e
turning,archived detail; consult report,archive/baseline_1_provenance/docs/experiment_loop/turning/loops/loop_0003/A/left/eval.mp4,5073689,56c9a83e4a8693babd6eef18a46a85b7bdf3a468e0fd2dc7f0a0b8efce6b614e
turning,archived detail; consult report,archive/baseline_1_provenance/docs/experiment_loop/turning/loops/loop_0003/A/left_right.mp4,8414889,711de6918e68d0caaf6e95a5ee430f07769102499e68e837d63c6fa11ddfa624
turning,archived detail; consult report,archive/baseline_1_provenance/docs/experiment_loop/turning/loops/loop_0003/A/preflight_left/eval.mp4,582090,537e56d1d40dd63f1bea1412d9937519455fa748762d8acacfca8e7cfe2a6628
turning,archived detail; consult report,archive/baseline_1_provenance/docs/experiment_loop/turning/loops/loop_0003/A/preflight_right/eval.mp4,583172,e202ffd718f318cd8b29cb33d90e7d46597bc0c0299a8b5e62e9999ef64524b5
turning,archived detail; consult report,archive/baseline_1_provenance/docs/experiment_loop/turning/loops/loop_0003/A/right/eval.mp4,4920731,6f8937312fcce8759df2e6d61082724e43466a9702f5c6f72e1b0dc1b8a9fdfc
turning,archived detail; consult report,archive/baseline_1_provenance/docs/experiment_loop/turning/loops/loop_0004/A/comparison.mp4,8411934,19efac585253ff8596798c83be9410d438df818601466be0680251fd826e94ce
turning,archived detail; consult report,archive/baseline_1_provenance/docs/experiment_loop/turning/loops/loop_0004/A/evaluation/eval.mp4,5022763,a12ff344ab3046504a8fb976f6d4e7c8aba64620ce627c0b17e09c235e4a39a6
turning,archived detail; consult report,archive/baseline_1_provenance/docs/experiment_loop/turning/loops/loop_0004/A/left/eval.mp4,5022763,a12ff344ab3046504a8fb976f6d4e7c8aba64620ce627c0b17e09c235e4a39a6
turning,archived detail; consult report,archive/baseline_1_provenance/docs/experiment_loop/turning/loops/loop_0004/A/left_right.mp4,8373005,c1a0a5771fd92d998ee8a3dac2018444e37c9f27d886ffe1e25dc4b6f75f80a0
turning,archived detail; consult report,archive/baseline_1_provenance/docs/experiment_loop/turning/loops/loop_0004/A/preflight_left/eval.mp4,581931,05545b76d51cb15e6d21f7ef9d66ff62f9871ad6b2b62cee65c24f4a0aec9bcd
turning,archived detail; consult report,archive/baseline_1_provenance/docs/experiment_loop/turning/loops/loop_0004/A/preflight_right/eval.mp4,571905,be119f918039c473f44c2ef72014cda38f20d50a9e357915e32db8351696fc99
turning,archived detail; consult report,archive/baseline_1_provenance/docs/experiment_loop/turning/loops/loop_0004/A/right/eval.mp4,4937836,25d9b7aa5d34600edd44be6db653ca225dbd1ec34a95eb16a994d66e8c1f51c9
turning,archived detail; consult report,archive/baseline_1_provenance/docs/experiment_loop/turning/loops/loop_0005/A/comparison.mp4,8393376,05686e348f3c9db3a9a7401ee53174eff903bdc7e74c76c2c3cd829dd79b901f
turning,archived detail; consult report,archive/baseline_1_provenance/docs/experiment_loop/turning/loops/loop_0005/A/evaluation/eval.mp4,5061935,969bbf0bf4679916794259ed1b0872a053389229c3841dbda5f8879a4fd1e1dd
turning,archived detail; consult report,archive/baseline_1_provenance/docs/experiment_loop/turning/loops/loop_0005/A/left/eval.mp4,5061935,969bbf0bf4679916794259ed1b0872a053389229c3841dbda5f8879a4fd1e1dd
turning,curated milestone,archive/baseline_1_provenance/docs/experiment_loop/turning/loops/loop_0005/A/left_right.mp4,8346024,febe78e3fcc691b0ca5050de1fb9a3432255ad5c12da2244e0e18790391c1fea
turning,archived detail; consult report,archive/baseline_1_provenance/docs/experiment_loop/turning/loops/loop_0005/A/preflight_left/eval.mp4,577790,34f13d00a7e46304f5782483616dd82aed928f31674de96df039d4d49fc76955
turning,archived detail; consult report,archive/baseline_1_provenance/docs/experiment_loop/turning/loops/loop_0005/A/preflight_right/eval.mp4,576691,50d4bf38f121fc9a527ad93a50c322f5bc5b7e6d75d4a08aab073d19ec1c4d90
turning,archived detail; consult report,archive/baseline_1_provenance/docs/experiment_loop/turning/loops/loop_0005/A/right/eval.mp4,4928531,e118caaadd2a6615a1225e9898af44450b44e1f2954e194a66db307d7e57e14b
turning,archived detail; consult report,archive/baseline_1_provenance/docs/experiment_loop/turning/loops/loop_0006/A/comparison.mp4,8432336,dc2088f74249eac7d69ee614cf3dd74283ab20e510996705a720906656f2273d
turning,archived detail; consult report,archive/baseline_1_provenance/docs/experiment_loop/turning/loops/loop_0006/A/evaluation/eval.mp4,5043925,bc908d14de1e9c6cb26a1b62d54115f7ecc65dcd1643ce3b0b206bd31809e948
turning,archived detail; consult report,archive/baseline_1_provenance/docs/experiment_loop/turning/loops/loop_0006/A/left/eval.mp4,5043925,bc908d14de1e9c6cb26a1b62d54115f7ecc65dcd1643ce3b0b206bd31809e948
turning,archived detail; consult report,archive/baseline_1_provenance/docs/experiment_loop/turning/loops/loop_0006/A/left_right.mp4,8272402,cf182b36494ee9fef8b4a83865da8d58d751344cf7ce721cad95afd91e1a44ac
turning,archived detail; consult report,archive/baseline_1_provenance/docs/experiment_loop/turning/loops/loop_0006/A/preflight_left/eval.mp4,577026,cee1eaf607ff462bf920bcdb5fcc4d91443b4038824c11f9af6edf9e80e86704
turning,archived detail; consult report,archive/baseline_1_provenance/docs/experiment_loop/turning/loops/loop_0006/A/preflight_right/eval.mp4,576750,5e9ba7e481bb66d0c7d7e46e80f3eb54e245be6f06f08cf942c73a51738a6625
turning,archived detail; consult report,archive/baseline_1_provenance/docs/experiment_loop/turning/loops/loop_0006/A/right/eval.mp4,4865921,02372e24233f0f9d04b13daa4178bb63c19cc4ac1acc86b668e3f7e8d96d765c
turning,archived detail; consult report,archive/baseline_1_provenance/docs/experiment_loop/turning/loops/loop_0007/A/comparison.mp4,8465165,fd6402ef49a2306c40614d8ae98f1d4deacaa29e1b9408feef4636053a1c9aed
turning,archived detail; consult report,archive/baseline_1_provenance/docs/experiment_loop/turning/loops/loop_0007/A/evaluation/eval.mp4,5101947,e4774179675df9e2d9ba25184c00c30752e36e8e77ead71ed09b6794f6a8d8c1
turning,archived detail; consult report,archive/baseline_1_provenance/docs/experiment_loop/turning/loops/loop_0007/A/left/eval.mp4,5101947,e4774179675df9e2d9ba25184c00c30752e36e8e77ead71ed09b6794f6a8d8c1
turning,archived detail; consult report,archive/baseline_1_provenance/docs/experiment_loop/turning/loops/loop_0007/A/left_right.mp4,8391729,4a986db242a636ea8d8ba6dcb6d0bbf42e3e6c250571204483cc241a36740bf0
turning,archived detail; consult report,archive/baseline_1_provenance/docs/experiment_loop/turning/loops/loop_0007/A/preflight_left/eval.mp4,579057,fab0b02b2d9c049d57d16a86e0b0f6679459c34ce3c770971dac588111e9f1e2
turning,archived detail; consult report,archive/baseline_1_provenance/docs/experiment_loop/turning/loops/loop_0007/A/preflight_right/eval.mp4,572760,2e55de8880f3d4d88a6ff954b58f9a1447c69d9143e3a301a5be2d296c8abd99
turning,archived detail; consult report,archive/baseline_1_provenance/docs/experiment_loop/turning/loops/loop_0007/A/right/eval.mp4,4911549,52d5aea7e48c124c25e49e6500dfb8054bfe0520dc86d7fb43306b3df76a4507
turning,archived detail; consult report,archive/baseline_1_provenance/docs/experiment_loop/turning/loops/loop_0008/A/comparison.mp4,8459681,67d64029b8be0321faa890e43014b9a824b47d749d6de4e7a25a83998665657c
turning,archived detail; consult report,archive/baseline_1_provenance/docs/experiment_loop/turning/loops/loop_0008/A/evaluation/eval.mp4,5103234,25c4f06ea910a99dea0ff31503ed465f9d990af01b791bc39c6efa65f8a91afa
turning,archived detail; consult report,archive/baseline_1_provenance/docs/experiment_loop/turning/loops/loop_0008/A/left/eval.mp4,5103234,25c4f06ea910a99dea0ff31503ed465f9d990af01b791bc39c6efa65f8a91afa
turning,archived detail; consult report,archive/baseline_1_provenance/docs/experiment_loop/turning/loops/loop_0008/A/left_right.mp4,8375238,37fdf6a8afd6c605f43988b35338f65aee4246e2d348677bebc90e3ee78fe38c
turning,archived detail; consult report,archive/baseline_1_provenance/docs/experiment_loop/turning/loops/loop_0008/A/preflight_left/eval.mp4,577082,ca5ae3efd9e03ce769c7353b4f77c6698c8459a757c5b3a90dcebfb33f412bbb
turning,archived detail; consult report,archive/baseline_1_provenance/docs/experiment_loop/turning/loops/loop_0008/A/preflight_right/eval.mp4,578000,23fca11f5f4f55b8051a951ef3b41a5418e1fab480f22c894b27cbfecb5ab7aa
turning,archived detail; consult report,archive/baseline_1_provenance/docs/experiment_loop/turning/loops/loop_0008/A/right/eval.mp4,4910104,34a8ce768facef733678f63c3e39a2eed4ff923e5b850a1a797ee4558b01ac5c
turning,archived detail; consult report,archive/baseline_1_provenance/docs/experiment_loop/turning/replay_video_check/evaluation/eval.mp4,914011,f8ee74e9adf6ed5a6743054ffef1fc514104c7123c7ef11c1faa55582bb4cbf3
amp_exploration,archived detail; consult report,archive/baseline_1_provenance/docs/locomotion2/amp/loop_runs/run_01/eval_video/rl-video-step-0.mp4,9689269,41c2934da8766c0fa59174a8e58523a6fa52ddd3a87049b81eb3aae53794bb7b
amp_exploration,archived detail; consult report,archive/baseline_1_provenance/docs/locomotion2/amp/loop_runs/run_02/eval_video/rl-video-step-0.mp4,9189418,ab601013f2707315703aee4cb296df5fe9e3742532bb2f40c424d4608043e5cc
amp_exploration,archived detail; consult report,archive/baseline_1_provenance/docs/locomotion2/amp/loop_runs/run_03/eval_video/rl-video-step-0.mp4,9742021,d4f244cfb481d619c6481f1cfc2d6d2b0ba8c10500781fb53f2e9757d289bb11
amp_exploration,curated milestone,archive/baseline_1_provenance/docs/locomotion2/amp/loop_runs/run_06/eval_video/rl-video-step-0.mp4,11320227,1d2621915c0acbf816ab3bee8187b8d0498df2472f13084f762173f61591add2
retargeting,archived detail; consult report,archive/baseline_1_provenance/docs/locomotion2/motions/retarget/kinematic_replay.mp4,248909,9071bd4dca4d37b50c6bcd090d6d0c9f8d0955562bd8fb243afc4e45ac1cd634
retargeting,curated milestone,archive/baseline_1_provenance/docs/locomotion2/motions/stage4/stage4_physics.mp4,469504,688969da080e2614a6fc2c470cb2b0b293a04eb093f193461e4e657ccbcdfe45
natural_walk,archived detail; consult report,archive/baseline_1_provenance/docs/natural_walk/attempt_01/comparison.mp4,8758294,05a28b973d16375ac460d55f18da133782f068a13693223abadcaff70c8da910
natural_walk,archived detail; consult report,archive/baseline_1_provenance/docs/natural_walk/attempt_01/evaluation/eval.mp4,5289412,0019b288f77f8c082111ef67ecf5bd10da60980ae4e86d353d1dec6206866ecd
natural_walk,archived detail; consult report,archive/baseline_1_provenance/docs/natural_walk/attempt_02/comparison.mp4,8735255,46db90562be598a1b0cafd4447b2b61610146162ac89ebc5b7cbaca31300bc64
natural_walk,archived detail; consult report,archive/baseline_1_provenance/docs/natural_walk/attempt_02/evaluation/eval.mp4,5265939,c4c1efc563515f1858f88f9b3a22239ef096dc03b4ca044e044071cd4157bc02
natural_walk,curated milestone,archive/baseline_1_provenance/docs/natural_walk/attempt_03/comparison.mp4,8724353,745aa02d7f2807750f2d498a260ebe019bdcd2d22b707368d3b8169d5910902a
natural_walk,archived detail; consult report,archive/baseline_1_provenance/docs/natural_walk/attempt_03/evaluation/eval.mp4,5260050,1d5dc093a14aaa2fc05456cd2fe87b53ddd1defdc568a6b6ca2180ca6e6f0910
natural_walk,archived detail; consult report,archive/baseline_1_provenance/docs/natural_walk/reference_01/kinematic.mp4,692281,ab50ec5a8d25ed3a35e0ea896df488ee5a9e530efd8a773604a4701016d5f9a1
natural_walk,archived detail; consult report,archive/baseline_1_provenance/docs/natural_walk/reference_01/preflight/eval.mp4,1835305,b7b068d82932ce0dedf637ca12638d127504ef2020e8ebae3062de1e428c2e0d
natural_walk,archived detail; consult report,archive/baseline_1_provenance/docs/natural_walk/reference_02/kinematic.mp4,690164,9febb801068ca841d914776ca3754480a0f1a9da6584b3421f207ab7f316450f
natural_walk,archived detail; consult report,archive/baseline_1_provenance/docs/natural_walk/reference_02b/kinematic.mp4,692750,786afd023c074e4311f031f90608917004f91ec6c2a8fe2a4a3d44b97144d3c7
natural_walk,archived detail; consult report,archive/baseline_1_provenance/docs/natural_walk/reference_02b/preflight/eval.mp4,955742,1ff31919df4f122b5d5dad2114b2d6cc5c4885853e2e8266f6b249f72d0be8c0
reference_walk,curated milestone,archive/baseline_1_provenance/docs/walk_ref/best/eval.mp4,5313858,bb208100ba7ac8b951973fb200a76860462c61bdf56c4a4a6efc1810269776df
reference_walk,archived detail; consult report,archive/baseline_1_provenance/docs/walk_ref/quality_runs/best_render/eval.mp4,5313858,bb208100ba7ac8b951973fb200a76860462c61bdf56c4a4a6efc1810269776df
