frame,qerr_max,qerr_mean,root_pos_err_m,root_ori_err_deg,root_z,tilt_deg,n_contacts,max_jvel,max_torque
0,0.046480,0.007251,0.003994,1.5285,0.164070,4.565,4,1.881,0.0000
1,0.257815,0.047329,0.013664,4.0006,0.167870,4.696,4,11.331,3.0000
2,0.408178,0.057835,0.028982,5.1042,0.169736,6.156,1,7.404,3.0000
3,0.343294,0.068742,0.057677,5.8061,0.183121,5.349,1,16.059,3.0000
4,0.557160,0.157720,0.088230,7.2685,0.192473,5.912,0,19.581,3.0000
5,0.780050,0.236970,0.120560,8.2739,0.181430,6.693,0,35.491,3.0000
6,0.682308,0.256565,0.159088,3.3348,0.171997,5.644,1,46.090,3.0000
7,0.827874,0.232139,0.203679,14.5517,0.172901,17.390,1,39.585,3.0000
8,0.918520,0.323229,0.241025,28.6291,0.158612,28.340,2,45.482,3.0000
9,1.165353,0.298538,0.272855,58.5179,0.138390,53.613,1,39.230,3.0000
10,0.904284,0.309641,0.296911,83.3178,0.123393,79.757,1,45.962,3.0000
11,0.943853,0.234620,0.318607,107.5289,0.113886,106.027,1,38.472,3.0000
12,1.323623,0.329689,0.341438,122.2223,0.107973,121.674,0,47.320,3.0000
13,1.702628,0.341494,0.365475,122.1836,0.101423,121.165,0,60.017,3.0000
14,2.035499,0.464211,0.389497,121.1973,0.098936,120.288,0,40.884,3.0000
15,1.733194,0.457974,0.405070,117.1111,0.098589,116.355,0,39.642,3.0000
16,1.798033,0.415608,0.415888,105.9109,0.091896,106.287,1,58.451,3.0000
17,1.619433,0.373014,0.421254,95.0666,0.090060,96.732,0,39.162,3.0000
18,1.909438,0.426456,0.432065,89.1629,0.091379,90.023,0,48.313,3.0000
19,1.621189,0.305471,0.446136,96.5968,0.096733,96.004,0,39.397,3.0000
20,2.000624,0.331787,0.459076,104.7252,0.088391,103.282,0,41.778,3.0000
21,1.725329,0.306947,0.475644,102.4307,0.089931,100.846,0,43.895,3.0000
22,1.938667,0.441922,0.496749,100.6888,0.087358,98.228,0,37.512,3.0000
23,1.774493,0.435541,0.515730,103.6490,0.086298,98.107,0,46.613,3.2271
24,1.656880,0.447319,0.535885,107.7530,0.086366,98.792,0,34.936,3.0000
25,1.539534,0.494974,0.552322,109.9797,0.095744,99.385,0,45.859,3.0000
26,1.734654,0.552561,0.569450,113.4676,0.095501,100.206,2,45.239,3.0000
27,1.558982,0.428162,0.584948,109.9850,0.088580,95.123,0,45.464,3.0000
28,1.661536,0.344505,0.590245,114.5942,0.093183,99.609,0,46.570,3.0000
29,1.604799,0.223172,0.596008,111.7458,0.090805,102.183,1,45.118,3.0000
30,1.555108,0.402434,0.608884,107.7110,0.095674,102.607,1,35.838,3.0000
31,1.656236,0.400665,0.626627,101.8204,0.095315,100.086,0,47.974,3.0000
32,1.882151,0.393721,0.645624,103.6430,0.091585,102.178,0,35.970,3.1572
33,1.900289,0.490697,0.659462,107.4058,0.093436,108.301,0,45.278,3.0000
34,1.982034,0.451821,0.674773,102.3257,0.088844,107.881,0,42.616,3.0000
35,1.719130,0.410780,0.700914,97.9092,0.087617,104.600,0,45.667,3.0000
36,1.008119,0.335640,0.724851,100.2453,0.089580,107.015,0,42.941,3.0000
37,1.528390,0.246232,0.745963,106.7978,0.091759,114.269,1,45.066,4.3716
38,1.464462,0.395769,0.769590,101.2075,0.087952,107.778,0,45.381,3.0000
39,1.841102,0.443731,0.782049,102.9279,0.087292,104.967,0,42.350,3.0000
40,1.584087,0.383641,0.794258,105.6870,0.086590,101.829,0,38.292,4.2760
41,1.954838,0.335581,0.813080,106.8074,0.088369,97.716,0,69.365,3.0000
42,1.592883,0.386384,0.827553,110.6370,0.091180,98.132,0,40.977,3.0000
43,1.923078,0.407827,0.837986,114.3473,0.088712,99.966,0,40.305,3.0000
44,1.579028,0.313519,0.840747,116.1204,0.092508,100.316,1,40.448,3.0000
45,1.935116,0.329990,0.850487,108.6381,0.088204,95.160,1,41.060,3.2639
46,1.622641,0.393461,0.863788,103.8881,0.099272,93.143,1,39.741,3.0000
47,1.990064,0.467806,0.871411,107.5875,0.111496,100.584,0,63.617,3.0000
48,1.675837,0.423930,0.877203,111.4888,0.116382,107.392,0,39.659,3.0000
49,2.022513,0.419121,0.890709,107.6260,0.103952,102.735,0,40.159,3.0000
50,1.855384,0.560245,0.909589,110.3448,0.087678,100.823,0,40.784,3.0000
51,1.988324,0.579636,0.909406,113.6953,0.085027,104.531,0,39.908,3.0000
52,1.618620,0.451753,0.909518,117.7655,0.089031,111.213,0,48.561,3.0000
53,1.940935,0.320360,0.921928,113.0905,0.093278,110.695,1,40.084,3.0000
54,1.584583,0.401396,0.944193,105.4743,0.095890,106.907,0,57.689,3.2075
55,1.902075,0.427299,0.958659,107.6880,0.094542,107.873,1,40.270,3.0000
56,1.739056,0.307783,0.965539,108.1383,0.089564,103.679,0,47.992,3.0000
57,1.849548,0.401722,0.977625,107.4551,0.088887,99.127,1,40.393,3.0000
58,1.783387,0.412758,0.988882,103.5758,0.087761,91.978,1,50.891,3.0000
59,1.772444,0.419457,0.992180,100.8174,0.090101,86.860,1,39.954,3.0000
60,1.595775,0.451853,0.997362,96.7533,0.096846,82.500,0,49.930,3.0000
61,1.829105,0.440068,1.002411,100.5848,0.099270,81.879,1,40.417,6.0000
62,1.552447,0.358024,1.004615,113.1776,0.095958,91.044,0,40.817,3.0000
63,1.683995,0.299074,1.014652,118.9113,0.087400,92.936,0,54.800,3.0000
64,1.333288,0.327203,1.026611,119.5908,0.088421,91.427,0,40.144,3.0000
65,1.657907,0.386986,1.025036,120.6746,0.087431,93.499,0,50.641,3.0000
66,1.285131,0.295225,1.015896,124.6485,0.090014,98.675,0,40.974,3.0000
67,1.610744,0.359108,1.010643,124.4651,0.101444,103.307,0,40.547,3.0000
68,1.406156,0.392670,1.019063,119.7624,0.107808,102.976,0,56.603,3.0000
69,1.808691,0.451928,1.031788,112.1809,0.092126,95.864,0,40.718,3.0000
70,1.753306,0.461219,1.032688,117.2817,0.087930,99.057,0,39.623,3.0000
71,1.655128,0.475325,1.030464,125.9767,0.089982,107.495,1,43.731,3.0000
72,1.333235,0.337517,1.030740,122.7228,0.088814,105.039,0,39.927,3.0000
73,1.701985,0.407883,1.030805,118.4862,0.087869,101.082,0,44.097,3.0000
74,2.017160,0.489457,1.028112,120.1069,0.088917,100.950,0,40.007,3.0000
75,1.819120,0.526634,1.023145,126.1401,0.087279,104.062,1,44.088,3.0000
76,1.609277,0.484690,1.027104,128.9788,0.087506,105.963,0,43.588,3.0000
77,1.822920,0.434614,1.032677,122.3925,0.089772,100.198,0,41.360,3.0000
78,1.817362,0.496351,1.029344,119.5786,0.098129,99.025,1,43.035,3.0000
79,1.875633,0.468837,1.018925,127.9313,0.090443,104.044,0,40.960,3.0000
80,1.547935,0.413175,1.020279,129.8615,0.092081,109.739,0,42.235,3.0000
81,1.907193,0.422015,1.021257,131.5079,0.098847,115.350,1,40.984,3.0000
82,1.853308,0.489738,1.021207,129.5661,0.092941,111.310,0,41.849,3.0000
83,1.981696,0.469413,1.013955,130.7472,0.094113,111.284,0,41.479,3.0000
84,1.682078,0.479122,1.014986,128.3886,0.092546,105.736,0,41.304,3.0000
85,1.990306,0.501203,1.028765,126.8432,0.089232,100.949,0,40.187,3.0000
86,1.560562,0.509119,1.037225,128.0031,0.090120,101.690,0,42.615,3.0000
87,1.803716,0.414601,1.035678,127.0109,0.086826,100.642,0,40.124,3.0000
88,1.747352,0.453512,1.025393,129.8790,0.095323,109.838,0,43.299,3.0000
89,1.615305,0.543085,1.019146,127.2975,0.106515,114.894,0,40.263,3.0000
90,1.850027,0.486374,1.026980,118.6762,0.106925,106.541,0,42.276,3.0000
91,1.684262,0.436284,1.037323,115.9496,0.100438,94.353,1,40.695,3.0000
92,1.378174,0.414291,1.031811,130.5767,0.119856,104.103,0,41.339,3.0000
93,1.376764,0.405137,1.039833,136.7192,0.118493,105.564,0,40.627,3.0000
94,1.382986,0.547320,1.050946,143.9251,0.105383,110.223,0,41.380,3.0000
95,1.491576,0.527000,1.058156,146.4612,0.092162,108.669,0,41.312,3.0000
96,1.449410,0.396091,1.057563,142.9897,0.090742,106.160,0,41.601,3.0000
97,1.601344,0.382248,1.059193,135.0455,0.096876,101.148,0,41.492,3.0000
98,1.874086,0.462582,1.080857,123.5954,0.100707,86.787,0,41.108,3.0000
99,2.487067,0.591942,1.094362,122.1724,0.098123,75.916,0,41.826,3.4060
100,2.317309,0.571229,1.089477,131.3298,0.088021,75.828,2,41.014,3.0000
101,2.050473,0.464158,1.066509,136.6572,0.103630,76.533,1,42.379,3.0000
102,1.684883,0.333506,1.053588,140.3417,0.108812,75.696,2,44.830,3.0000
103,1.927883,0.381846,1.048334,144.0480,0.107733,85.250,1,42.370,3.0000
104,1.798304,0.393445,1.045065,146.6633,0.113126,99.410,1,44.602,3.0000
105,1.932314,0.362719,1.019475,156.0584,0.107773,105.114,0,37.236,3.0000
106,1.633241,0.338997,1.000861,163.5914,0.091191,104.775,0,68.022,3.0000
107,1.841374,0.412407,0.994812,163.4616,0.092357,106.998,0,37.437,3.0000
108,1.922155,0.308736,0.998121,158.3672,0.090737,105.097,1,43.056,3.0000
109,1.253753,0.331149,1.003408,156.2072,0.090512,105.669,1,37.893,3.0000
110,1.087867,0.195029,1.002987,155.4638,0.093147,105.462,1,51.140,3.0000
111,1.367626,0.331067,1.006621,151.6354,0.103764,102.108,0,45.945,3.0000
112,1.382443,0.323532,1.006650,150.0669,0.102459,101.717,1,42.166,3.0000
113,1.047115,0.305736,1.002236,155.6765,0.093336,104.686,2,45.356,3.0000
114,1.027466,0.243502,0.996949,160.7135,0.090568,106.823,1,41.885,3.0000
115,1.803595,0.369932,1.002311,158.8085,0.100119,112.023,0,45.097,3.0000
116,1.969736,0.351677,1.010107,158.0517,0.098286,111.565,0,42.044,3.0000
117,1.432901,0.380219,1.017988,156.4951,0.091317,106.664,0,44.983,3.0000
118,1.394263,0.304545,1.026546,154.8946,0.090992,104.779,0,48.010,3.0000
119,2.041378,0.428371,1.039175,149.1852,0.098896,103.378,2,38.930,3.0000
120,2.063187,0.360770,1.037417,146.1269,0.106599,103.107,1,47.630,3.0000
121,1.568647,0.365247,1.037104,148.2687,0.105175,105.235,1,38.812,3.0000
122,1.811170,0.316548,1.045627,148.1181,0.092444,104.446,1,47.331,3.0000
123,1.478981,0.303651,1.058022,144.4194,0.095306,109.304,1,48.413,3.0000
124,1.329785,0.291933,1.069336,141.3150,0.100518,113.773,1,41.887,3.0000
125,1.052673,0.302521,1.081679,135.7186,0.103650,112.296,1,48.262,3.0000
126,1.029281,0.283670,1.098690,128.9518,0.106717,108.890,1,42.713,3.0000
127,1.297959,0.331683,1.107974,127.4588,0.099134,103.876,0,47.536,3.0000
128,1.125284,0.320371,1.114627,126.2934,0.095195,103.340,1,63.754,3.0000
129,1.188161,0.319309,1.117225,125.6216,0.093846,104.309,1,38.208,3.0000
130,0.975448,0.324522,1.113564,121.9660,0.091211,102.490,1,43.137,3.0000
131,1.303616,0.317784,1.112865,119.8982,0.091617,104.089,1,66.142,3.0000
132,1.198496,0.337399,1.107889,111.0934,0.090705,100.527,0,43.339,3.0000
133,1.504132,0.353357,1.111827,101.8331,0.092725,94.496,1,36.878,3.0000
134,1.324178,0.313579,1.120768,110.4291,0.098058,99.481,1,44.060,3.0000
135,1.533062,0.384970,1.124648,125.6216,0.092463,107.143,0,40.880,3.0000
136,1.617134,0.315915,1.123189,137.1456,0.099415,116.012,0,44.166,3.0000
137,1.621561,0.344094,1.117256,137.5312,0.111132,120.783,0,47.912,3.0000
138,1.447843,0.324874,1.105828,137.6723,0.115137,124.094,0,39.750,3.0000
139,1.598394,0.398146,1.097629,135.8764,0.122978,127.825,0,47.662,3.0000
140,1.379714,0.397841,1.096695,134.8590,0.121462,127.475,0,34.753,3.0000
141,1.768746,0.421632,1.100958,126.6524,0.117655,118.977,0,47.544,3.0000
142,1.764888,0.357812,1.116636,110.3592,0.104457,99.345,1,36.463,3.0000
143,1.648671,0.520998,1.123881,108.3923,0.097871,95.815,0,45.076,3.0000
144,1.392500,0.376885,1.122237,122.2912,0.095107,105.196,0,54.972,3.0000
145,1.610033,0.337344,1.123023,129.2597,0.093300,108.942,0,45.692,3.0000
146,1.313283,0.276546,1.127797,128.0325,0.104488,113.442,1,54.072,3.0000
147,1.545444,0.394452,1.129169,121.3708,0.117025,109.756,0,45.010,3.2230
148,1.564736,0.385921,1.126924,119.8531,0.107210,104.452,1,35.469,3.0000
149,1.529914,0.408908,1.117497,119.4993,0.112675,101.876,1,64.211,3.9659
150,1.710487,0.382240,1.111168,116.9977,0.126684,99.547,1,35.207,3.1726
151,1.797353,0.405512,1.110960,117.9034,0.144560,102.934,1,45.686,3.0000
152,1.611119,0.356618,1.111089,126.1380,0.145214,110.649,0,34.570,3.0000
153,1.516323,0.343697,1.110158,136.3413,0.130193,113.799,0,49.045,3.0000
154,1.550557,0.295463,1.109545,142.5375,0.110277,114.165,0,40.894,3.0000
155,1.794616,0.380455,1.110134,151.3370,0.114111,123.074,0,46.489,3.0000
156,1.719715,0.375080,1.113545,156.3641,0.117385,125.107,0,41.949,3.0000
157,1.887849,0.375248,1.119019,162.0611,0.103526,117.499,0,49.345,3.0000
158,1.747442,0.377862,1.122791,163.3242,0.093623,109.018,1,60.292,3.0000
159,1.583891,0.337940,1.122420,162.6933,0.107248,109.207,1,43.504,3.0000
160,1.658803,0.282204,1.127047,167.2116,0.110293,112.134,0,58.990,3.9126
161,1.515460,0.405285,1.126758,175.0541,0.095021,110.728,1,44.551,3.4259
162,1.583465,0.414548,1.129414,177.6631,0.093497,111.859,0,36.089,3.0000
163,1.710000,0.313218,1.126685,175.0506,0.095578,111.804,1,34.525,3.0000
164,1.494550,0.301663,1.122603,173.8316,0.097131,112.615,0,50.678,3.0000
165,1.394378,0.411010,1.121942,172.0480,0.093880,108.591,2,31.686,3.0000
166,1.885529,0.483904,1.127063,153.9572,0.105588,97.768,1,43.156,3.0000
167,2.247613,0.494791,1.126733,143.8380,0.127433,94.953,1,38.309,5.4505
168,1.930797,0.421871,1.131151,145.6187,0.141771,99.597,0,64.192,3.0000
169,1.442059,0.397170,1.119901,152.2594,0.135137,106.947,0,65.068,3.0000
170,1.889649,0.422720,1.125364,161.6175,0.123518,109.181,0,68.373,3.0000
171,1.645746,0.442282,1.140624,177.1781,0.095744,112.290,1,64.940,3.0000
172,1.971333,0.381627,1.144471,178.4088,0.099927,111.387,1,63.957,3.0283
173,1.523968,0.385265,1.151355,178.1628,0.098453,107.045,0,64.855,3.0000
174,1.775531,0.566917,1.167950,173.3881,0.096961,99.725,1,64.385,3.0000
175,1.986734,0.489048,1.176490,166.5050,0.103797,96.912,0,64.878,3.0000
176,1.877365,0.432901,1.180501,160.4420,0.099628,95.585,1,64.487,3.0000
177,1.584674,0.396072,1.182064,158.5237,0.090221,94.545,0,64.877,3.0000
178,1.429086,0.509618,1.181904,153.3585,0.091290,86.041,0,64.309,3.0000
179,1.848904,0.455206,1.181674,157.0507,0.106185,91.191,1,64.963,3.0000
180,1.489169,0.433774,1.171965,162.9206,0.113103,96.168,1,64.440,3.0000
181,1.514031,0.360616,1.168688,165.1452,0.111504,95.348,1,64.585,3.0000
182,1.494950,0.482207,1.175148,168.9473,0.110533,96.623,1,64.147,3.0000
183,1.158623,0.375662,1.170566,168.2659,0.099118,93.496,1,64.901,3.0000
184,1.344327,0.354359,1.165111,169.2455,0.089891,94.650,1,64.504,3.1579
185,1.577682,0.336528,1.161207,176.9932,0.094009,104.062,1,64.939,3.0000
186,1.370425,0.463622,1.157538,173.1404,0.096888,111.042,0,64.611,3.0000
187,1.590856,0.391551,1.156911,170.5746,0.098101,110.540,0,64.732,3.0000
188,1.422095,0.402502,1.159214,169.2991,0.099334,110.766,0,64.430,3.0000
189,1.541450,0.340071,1.170217,178.9300,0.107025,108.262,0,64.819,4.7096
190,1.411112,0.462071,1.192004,165.4569,0.108795,93.441,1,64.667,4.3246
191,1.841693,0.448934,1.200500,163.5694,0.093263,80.716,1,65.052,6.0000
192,1.812436,0.443074,1.193336,168.2745,0.097437,75.174,1,64.326,3.1507
193,1.637826,0.483745,1.182181,179.2080,0.099094,89.971,1,65.580,3.6063
194,1.554858,0.390477,1.173340,167.6014,0.092059,111.815,0,64.506,4.2477
195,1.747799,0.381172,1.173386,163.7552,0.090096,119.780,2,64.692,3.0000
196,1.318562,0.416610,1.164742,165.2257,0.098567,119.198,0,64.088,3.0000
197,1.568188,0.344571,1.149032,164.7476,0.092984,107.379,1,64.314,3.0000
198,1.464445,0.401113,1.139629,165.6792,0.093006,102.978,1,64.300,3.8413
199,1.815932,0.457292,1.132129,167.4921,0.099805,106.896,1,65.015,3.0000
200,1.889696,0.445607,1.124561,165.7618,0.100236,110.907,0,64.268,5.0057
201,1.907483,0.516493,1.110480,162.8066,0.096196,122.159,1,65.611,3.0000
202,1.646776,0.430527,1.094864,162.6253,0.093132,128.112,1,64.426,3.0000
203,1.414787,0.382456,1.086743,160.9671,0.087811,126.480,0,64.867,3.0000
204,1.590708,0.457616,1.087763,162.4645,0.083195,123.813,0,64.857,3.0000
205,1.846130,0.568454,1.091417,168.6485,0.084142,124.616,0,65.392,3.0000
206,1.995686,0.563861,1.106851,169.4288,0.092272,122.590,0,63.939,4.5737
207,1.670204,0.443764,1.126031,174.4949,0.105028,120.123,1,64.872,3.0000
208,1.519773,0.433789,1.141836,179.9679,0.107338,116.919,0,64.429,3.0000
209,1.831095,0.485116,1.153835,178.7004,0.093678,107.261,0,64.577,3.0000
210,1.851030,0.539892,1.166522,176.4692,0.086628,98.945,1,64.374,3.0000
211,1.616309,0.451095,1.172973,178.2156,0.091913,104.306,1,65.236,3.0000
212,1.818878,0.434716,1.178586,178.2382,0.092902,112.747,0,64.202,3.0000
213,1.638639,0.502391,1.187274,175.7150,0.093356,111.999,0,64.691,3.0000
214,1.403888,0.572758,1.209453,179.6890,0.094994,102.750,1,63.958,3.0000
215,1.856723,0.463390,1.225251,176.2961,0.099143,106.986,1,65.416,3.0000
216,1.660515,0.403133,1.240459,174.7582,0.103911,112.845,0,64.549,4.0585
217,1.960317,0.456044,1.257767,177.7857,0.093191,109.117,1,64.308,3.0000
218,1.635520,0.497353,1.275428,177.9036,0.088890,104.243,1,64.292,3.3173
219,1.806495,0.422205,1.284912,177.7586,0.087928,103.881,1,64.815,3.0000
220,1.457658,0.389491,1.286352,170.4216,0.086251,109.310,0,64.794,3.0000
221,1.959898,0.469941,1.291802,166.3934,0.087463,119.454,0,65.191,3.0000
222,1.882261,0.482452,1.290088,164.6713,0.080397,120.406,0,64.326,3.0000
223,1.755951,0.360228,1.295040,165.5278,0.080506,118.165,0,64.718,5.7569
224,1.494388,0.406150,1.310528,168.2991,0.080917,114.984,0,64.325,6.0000
225,1.916457,0.555972,1.327982,174.4256,0.094221,112.627,0,64.927,3.0000
226,1.576398,0.460059,1.338398,178.3936,0.105735,106.379,1,64.435,3.0000
227,1.942014,0.284701,1.353683,179.3650,0.106810,106.531,1,64.948,3.0644
228,1.626842,0.396253,1.377446,179.7152,0.097950,108.445,0,64.603,3.0000
229,2.011246,0.645029,1.392096,177.7825,0.085202,117.206,0,64.978,3.0000
230,1.747589,0.533009,1.388939,177.0849,0.082061,119.015,0,63.911,3.0000
231,1.914863,0.337349,1.382081,177.3933,0.081966,128.141,0,65.142,3.0000
232,1.252607,0.347045,1.375299,179.5389,0.090526,134.115,1,64.552,3.0000
233,1.405639,0.418604,1.375799,175.6046,0.098209,136.402,0,64.082,3.0000
234,1.253508,0.397517,1.377099,176.7796,0.094448,135.209,0,64.439,3.0000
235,1.265867,0.313662,1.379135,179.9700,0.084043,132.890,0,64.353,3.0000
236,1.607954,0.397468,1.385104,177.9019,0.075197,120.805,0,64.726,3.0000
237,1.627025,0.426631,1.404104,179.7659,0.082800,113.432,0,65.091,3.0000
238,1.708528,0.482753,1.418534,177.1890,0.087040,110.397,2,64.344,3.0000
239,1.641691,0.366628,1.431099,179.0462,0.089894,106.146,1,64.787,3.0000
240,1.508067,0.391525,1.437620,177.8754,0.084864,103.459,0,64.140,3.3261
241,1.543696,0.275847,1.443867,176.3205,0.079742,118.047,0,64.743,3.0000
242,1.340717,0.481085,1.469044,176.5437,0.081510,124.541,0,64.076,3.0000
243,1.430272,0.401890,1.499487,175.5385,0.090041,120.977,0,64.930,3.0000
244,1.789357,0.507457,1.529779,171.3300,0.084627,114.459,1,64.242,3.0000
245,1.591202,0.421866,1.556700,162.7721,0.080827,116.378,0,64.850,3.0000
246,1.915556,0.492503,1.591943,161.5340,0.089539,110.632,0,63.919,3.0000
247,1.638103,0.440791,1.638252,167.0523,0.106168,105.128,1,64.303,3.0000
248,1.769692,0.383781,1.674277,170.1987,0.103204,106.060,0,64.308,3.0000
249,1.238093,0.369141,1.706269,173.6092,0.098537,108.834,0,65.081,3.0000
250,1.100160,0.366669,1.700581,176.2456,0.096888,105.314,2,64.033,3.0000
251,1.176346,0.361732,1.670368,178.0838,0.116517,102.341,2,64.655,3.0000
252,1.634019,0.348564,1.641191,172.9120,0.137357,100.858,1,64.684,3.0000
253,1.265454,0.405823,1.610925,174.8548,0.137783,96.599,0,65.121,3.0000
254,1.380938,0.395826,1.572007,175.2382,0.128691,94.510,1,63.946,3.0000
255,1.602186,0.495316,1.553880,170.1743,0.126891,92.803,1,65.275,3.0000
256,1.748293,0.421929,1.554681,165.3358,0.124753,89.284,1,63.910,3.0000
257,1.770063,0.550534,1.543627,171.3619,0.101126,94.440,0,64.956,3.0000
258,1.920446,0.469456,1.524742,172.9403,0.099584,100.181,0,64.791,3.0000
259,1.950693,0.490677,1.518626,170.0279,0.098456,105.614,0,64.790,3.0000
260,1.669879,0.480742,1.528681,163.0080,0.106514,110.821,1,64.150,3.0000
261,1.917475,0.485647,1.520507,159.9331,0.113745,109.332,0,64.533,4.0970
262,1.546361,0.387428,1.503645,162.7118,0.096218,115.588,0,64.489,5.8319
263,1.536036,0.368542,1.479754,174.1693,0.088678,121.526,0,64.270,3.0000
264,1.182654,0.376929,1.468447,170.8648,0.095078,114.365,0,64.574,3.5263
265,1.678088,0.475130,1.471514,169.2387,0.096775,109.625,0,64.851,3.0000
266,1.848983,0.438552,1.473194,173.7038,0.098001,113.935,0,64.429,3.5878
267,1.451703,0.422362,1.473665,177.2934,0.105414,118.069,1,64.477,3.0000
268,1.629812,0.306918,1.466726,178.7079,0.105795,118.869,1,63.932,3.0000
269,1.530711,0.377593,1.464254,176.1374,0.103860,118.588,0,64.823,3.0000
270,1.513483,0.424255,1.465487,175.9866,0.104701,117.988,0,64.371,3.0000
271,1.590535,0.469389,1.461550,176.4470,0.109039,117.522,0,64.685,3.0000
272,1.490284,0.370707,1.469346,177.0322,0.117759,118.184,0,64.442,3.0000
273,1.609892,0.364644,1.495094,168.2514,0.121728,112.578,1,64.598,3.0000
274,1.464418,0.386957,1.526550,162.5073,0.121474,104.616,0,64.717,3.0000
275,1.555398,0.490735,1.544615,166.7680,0.118092,100.624,1,65.459,3.0000
276,1.299046,0.341843,1.549746,173.9279,0.107695,101.852,0,64.037,3.0000
277,1.274705,0.347061,1.552923,179.6770,0.095579,100.873,0,64.508,3.0000
278,1.733348,0.419633,1.560328,179.0852,0.095176,100.655,1,64.371,3.0000
279,1.690404,0.580958,1.574155,174.1136,0.094308,98.687,1,65.117,3.0000
280,1.197529,0.426547,1.581475,169.8379,0.102417,103.024,2,64.339,3.0000
281,1.598054,0.351756,1.576848,165.9339,0.112551,103.189,0,64.515,3.0000
282,1.396996,0.427508,1.575710,168.6276,0.111746,100.526,1,64.713,3.0000
283,1.905997,0.574016,1.578060,177.3666,0.096516,99.807,1,65.545,3.1733
284,1.736036,0.391746,1.570189,177.6964,0.094537,99.280,1,64.604,3.0000
285,1.824205,0.441077,1.564932,175.4762,0.094266,101.345,0,65.143,3.0000
286,1.667828,0.424872,1.565047,176.6088,0.096075,104.230,0,64.172,3.0000
287,1.842962,0.501192,1.566756,178.8548,0.102576,107.533,1,64.590,3.0000
288,1.678864,0.369750,1.576443,174.0440,0.113771,103.524,0,64.542,3.0000
289,1.294371,0.422558,1.586530,169.1180,0.105818,89.077,1,64.802,3.0000
290,1.578496,0.393605,1.568782,169.2574,0.129376,92.408,1,64.193,3.0000
291,1.344293,0.465166,1.547374,167.4230,0.160547,99.926,1,64.589,3.0019
292,1.610578,0.421585,1.543278,161.7481,0.185857,110.028,1,64.427,5.8089
293,1.813698,0.424752,1.540016,160.6368,0.199041,118.274,1,64.942,3.2939
294,1.868486,0.522241,1.533931,161.3913,0.208689,131.888,0,64.332,5.1855
295,1.558973,0.573787,1.534239,159.8963,0.209542,138.617,0,64.425,3.0000
296,1.928434,0.515653,1.546751,159.6757,0.208342,135.497,0,64.537,4.0571
297,1.667110,0.451439,1.567688,156.0880,0.211706,133.043,0,65.356,3.0000
298,1.991315,0.507154,1.556023,163.3689,0.208381,134.632,0,64.373,3.0000
299,1.799159,0.399175,1.540991,170.4156,0.204374,136.876,0,64.876,3.0000
300,2.027973,0.500768,1.520934,176.5239,0.199579,134.344,0,64.490,3.0000
301,1.672909,0.533778,1.506114,176.6703,0.187596,133.059,0,64.783,3.0000
302,1.997803,0.625812,1.490776,167.1072,0.165982,126.966,0,64.377,3.0000
303,1.867650,0.414568,1.473773,160.8407,0.144739,127.122,0,64.610,3.0000
304,1.973742,0.375499,1.458063,152.1044,0.120472,125.013,0,64.428,3.0000
305,1.632480,0.352931,1.432937,156.1252,0.116238,122.995,0,65.599,3.0000
306,1.985010,0.491005,1.424198,157.5112,0.105458,111.614,0,64.308,3.0000
307,1.654080,0.421784,1.413048,156.1775,0.094790,106.557,1,64.721,3.0000
308,2.002471,0.466306,1.415641,149.1427,0.085227,108.494,0,63.933,3.0000
309,1.721176,0.450907,1.435490,147.4521,0.086634,103.813,1,65.237,3.0000
310,2.020106,0.476442,1.453885,148.1221,0.092067,99.835,1,64.354,3.0000
311,1.677231,0.380906,1.480874,155.9894,0.101650,100.678,2,64.825,3.0000
312,2.024833,0.340781,1.518880,157.9501,0.097043,101.610,0,64.367,3.0000
313,1.687348,0.444223,1.550068,152.5758,0.087706,99.656,0,64.998,3.0000
314,2.036308,0.557950,1.579725,151.1556,0.083807,101.130,0,63.933,3.0000
315,1.696125,0.509583,1.613359,152.4290,0.084688,99.122,0,64.938,3.0000
316,2.048527,0.432946,1.636946,154.5095,0.086973,97.712,1,68.097,3.0000
317,1.716465,0.524024,1.663439,159.6340,0.091687,104.242,1,64.886,3.0000
318,2.062328,0.487377,1.694196,166.6697,0.097543,105.119,0,64.121,3.0721
319,1.729642,0.285862,1.721106,163.8127,0.095903,101.783,0,65.531,3.0000
320,2.035807,0.369813,1.734080,159.2533,0.094702,98.429,0,64.440,3.1059
321,1.892087,0.469689,1.736996,152.7693,0.088765,98.461,1,65.036,3.0000
322,1.882190,0.478283,1.739188,152.5386,0.089524,100.162,1,64.382,3.0000
323,1.488044,0.260710,1.750921,154.5073,0.088811,102.750,1,65.161,3.0000
324,1.702601,0.305407,1.759994,156.8621,0.088214,107.170,1,64.402,3.0000
325,1.804311,0.275156,1.767363,157.0108,0.084364,109.460,1,65.108,3.0000
326,2.369541,0.374385,1.762421,162.8163,0.094437,116.512,0,64.458,3.0000
327,2.360019,0.318074,1.759489,165.2134,0.094182,119.211,0,65.110,3.0000
328,1.729780,0.354103,1.746427,164.7134,0.084252,114.131,1,64.144,3.0000
329,1.240477,0.317953,1.740889,171.3765,0.096383,110.688,0,65.017,3.0000
330,1.364823,0.306480,1.735454,172.8525,0.094826,106.197,1,64.276,3.0000
331,1.466085,0.291997,1.731338,170.6806,0.089320,109.046,0,64.732,3.0000
332,1.446110,0.354707,1.724037,169.9212,0.085150,110.422,1,64.178,3.0000
333,1.860583,0.303907,1.720732,173.0579,0.090632,109.082,0,64.945,3.0000
334,1.814740,0.324017,1.721361,175.8487,0.091926,108.495,0,64.305,3.0000
335,1.818861,0.271518,1.723295,175.8271,0.087574,109.510,1,64.981,3.0000
336,1.613441,0.323768,1.723113,177.1986,0.087006,110.241,1,64.621,3.0000
337,1.898122,0.278145,1.719766,174.7746,0.084011,110.741,0,64.949,3.0000
338,1.374585,0.303193,1.714932,172.4654,0.081697,113.324,1,64.361,3.0000
339,1.679515,0.272094,1.714702,172.0740,0.087399,116.048,1,65.097,3.0000
340,1.279828,0.293042,1.708973,172.0146,0.089313,115.114,1,64.509,3.0000
341,1.691953,0.297803,1.696243,176.6202,0.090782,105.922,0,65.020,3.0000
342,1.696817,0.342581,1.696914,177.9199,0.097412,103.756,0,64.528,3.0000
343,1.776246,0.304544,1.703966,178.1596,0.096804,110.185,1,64.884,3.0000
344,1.108126,0.272502,1.716825,179.9542,0.089627,109.539,0,64.215,3.0000
345,1.309205,0.220576,1.726006,179.1350,0.086374,105.541,1,64.640,3.0000
346,0.879236,0.241106,1.721856,177.4237,0.084934,105.414,1,64.456,3.0000
347,1.131344,0.223698,1.714427,176.7052,0.089599,108.818,1,65.043,3.0000
348,0.865086,0.283605,1.705645,176.6676,0.086899,109.421,0,64.320,3.0000
349,1.282119,0.293794,1.700755,171.0169,0.081440,106.265,0,64.870,3.0000
350,1.393438,0.337773,1.700765,168.8637,0.083656,112.223,0,64.468,3.0000
351,1.816037,0.300142,1.705271,167.0724,0.086997,114.965,0,64.815,3.0000
352,1.639838,0.300867,1.711708,171.9526,0.102960,118.458,1,64.588,3.0000
353,1.811684,0.247032,1.719498,179.0416,0.110236,114.962,0,64.607,3.0000
354,1.097373,0.348831,1.719206,179.4375,0.099115,101.887,0,64.003,3.0000
355,1.033267,0.228684,1.717047,170.6547,0.088064,102.772,0,64.837,3.0000
356,0.850697,0.165467,1.711674,170.7262,0.086708,111.446,1,64.499,3.0000
357,1.154965,0.195845,1.715514,172.2621,0.089072,108.967,0,64.936,3.0000
358,1.264793,0.296099,1.720143,172.6357,0.090617,106.250,0,64.465,3.0000
359,1.448273,0.219460,1.724886,172.5959,0.091904,107.243,0,64.970,3.0000
